protein_id	sequence_found	pssm_found	dssp_found	structure_found	sequence_path	pssm_path	dssp_path	structure_path
1A2K_AB_r	1	1	1	1	seq/1A2K_AB_r.fasta	pssm/1A2K_AB_r.npy	dssp/1A2K_AB_r.npy	coords/1A2K_AB_r.npz
1A2K_A_l	1	1	1	1	seq/1A2K_A_l.fasta	pssm/1A2K_A_l.npy	dssp/1A2K_A_l.npy	coords/1A2K_A_l.npz
1ACB_A_l	1	1	1	1	seq/1ACB_A_l.fasta	pssm/1ACB_A_l.npy	dssp/1ACB_A_l.npy	coords/1ACB_A_l.npz
1ACB_B_r	1	1	1	1	seq/1ACB_B_r.fasta	pssm/1ACB_B_r.npy	dssp/1ACB_B_r.npy	coords/1ACB_B_r.npz
1AHW_A_l	1	1	1	1	seq/1AHW_A_l.fasta	pssm/1AHW_A_l.npy	dssp/1AHW_A_l.npy	coords/1AHW_A_l.npz
1AHW_LH_r	1	1	1	1	seq/1AHW_LH_r.fasta	pssm/1AHW_LH_r.npy	dssp/1AHW_LH_r.npy	coords/1AHW_LH_r.npz
1AK4_A_l	1	1	1	1	seq/1AK4_A_l.fasta	pssm/1AK4_A_l.npy	dssp/1AK4_A_l.npy	coords/1AK4_A_l.npz
1AK4_A_r	1	1	1	1	seq/1AK4_A_r.fasta	pssm/1AK4_A_r.npy	dssp/1AK4_A_r.npy	coords/1AK4_A_r.npz
1AKJ_AB_l	1	1	1	1	seq/1AKJ_AB_l.fasta	pssm/1AKJ_AB_l.npy	dssp/1AKJ_AB_l.npy	coords/1AKJ_AB_l.npz
1AKJ_DE_r	1	1	1	1	seq/1AKJ_DE_r.fasta	pssm/1AKJ_DE_r.npy	dssp/1AKJ_DE_r.npy	coords/1AKJ_DE_r.npz
1ATN_A_l	1	1	1	1	seq/1ATN_A_l.fasta	pssm/1ATN_A_l.npy	dssp/1ATN_A_l.npy	coords/1ATN_A_l.npz
1ATN_B_r	1	1	1	1	seq/1ATN_B_r.fasta	pssm/1ATN_B_r.npy	dssp/1ATN_B_r.npy	coords/1ATN_B_r.npz
1AVX_A_r	1	1	1	1	seq/1AVX_A_r.fasta	pssm/1AVX_A_r.npy	dssp/1AVX_A_r.npy	coords/1AVX_A_r.npz
1AVX_B_l	1	1	1	1	seq/1AVX_B_l.fasta	pssm/1AVX_B_l.npy	dssp/1AVX_B_l.npy	coords/1AVX_B_l.npz
1AY7_B_l	1	1	1	1	seq/1AY7_B_l.fasta	pssm/1AY7_B_l.npy	dssp/1AY7_B_l.npy	coords/1AY7_B_l.npz
1AY7_B_r	1	1	1	1	seq/1AY7_B_r.fasta	pssm/1AY7_B_r.npy	dssp/1AY7_B_r.npy	coords/1AY7_B_r.npz
1AZS_AB_r	1	1	1	1	seq/1AZS_AB_r.fasta	pssm/1AZS_AB_r.npy	dssp/1AZS_AB_r.npy	coords/1AZS_AB_r.npz
1AZS_A_l	1	1	1	1	seq/1AZS_A_l.fasta	pssm/1AZS_A_l.npy	dssp/1AZS_A_l.npy	coords/1AZS_A_l.npz
1B6C_A_l	1	1	1	1	seq/1B6C_A_l.fasta	pssm/1B6C_A_l.npy	dssp/1B6C_A_l.npy	coords/1B6C_A_l.npz
1B6C_A_r	1	1	1	1	seq/1B6C_A_r.fasta	pssm/1B6C_A_r.npy	dssp/1B6C_A_r.npy	coords/1B6C_A_r.npz
1BGX_A_l	1	1	1	1	seq/1BGX_A_l.fasta	pssm/1BGX_A_l.npy	dssp/1BGX_A_l.npy	coords/1BGX_A_l.npz
1BGX_LH_r	1	1	1	1	seq/1BGX_LH_r.fasta	pssm/1BGX_LH_r.npy	dssp/1BGX_LH_r.npy	coords/1BGX_LH_r.npz
1BJ1_GH_l	1	1	1	1	seq/1BJ1_GH_l.fasta	pssm/1BJ1_GH_l.npy	dssp/1BJ1_GH_l.npy	coords/1BJ1_GH_l.npz
1BJ1_LH_r	1	1	1	1	seq/1BJ1_LH_r.fasta	pssm/1BJ1_LH_r.npy	dssp/1BJ1_LH_r.npy	coords/1BJ1_LH_r.npz
1BKD_A_l	1	1	1	1	seq/1BKD_A_l.fasta	pssm/1BKD_A_l.npy	dssp/1BKD_A_l.npy	coords/1BKD_A_l.npz
1BKD_A_r	1	1	1	1	seq/1BKD_A_r.fasta	pssm/1BKD_A_r.npy	dssp/1BKD_A_r.npy	coords/1BKD_A_r.npz
1BUH_A_l	1	1	1	1	seq/1BUH_A_l.fasta	pssm/1BUH_A_l.npy	dssp/1BUH_A_l.npy	coords/1BUH_A_l.npz
1BUH_A_r	1	1	1	1	seq/1BUH_A_r.fasta	pssm/1BUH_A_r.npy	dssp/1BUH_A_r.npy	coords/1BUH_A_r.npz
1BVK_A_l	1	1	1	1	seq/1BVK_A_l.fasta	pssm/1BVK_A_l.npy	dssp/1BVK_A_l.npy	coords/1BVK_A_l.npz
1BVK_BA_r	1	1	1	1	seq/1BVK_BA_r.fasta	pssm/1BVK_BA_r.npy	dssp/1BVK_BA_r.npy	coords/1BVK_BA_r.npz
1BVN_A_l	1	1	1	1	seq/1BVN_A_l.fasta	pssm/1BVN_A_l.npy	dssp/1BVN_A_l.npy	coords/1BVN_A_l.npz
1BVN_A_r	1	1	1	1	seq/1BVN_A_r.fasta	pssm/1BVN_A_r.npy	dssp/1BVN_A_r.npy	coords/1BVN_A_r.npz
1CGI_A_l	1	1	1	1	seq/1CGI_A_l.fasta	pssm/1CGI_A_l.npy	dssp/1CGI_A_l.npy	coords/1CGI_A_l.npz
1CGI_B_r	1	1	1	1	seq/1CGI_B_r.fasta	pssm/1CGI_B_r.npy	dssp/1CGI_B_r.npy	coords/1CGI_B_r.npz
1CLV_A_l	1	1	1	1	seq/1CLV_A_l.fasta	pssm/1CLV_A_l.npy	dssp/1CLV_A_l.npy	coords/1CLV_A_l.npz
1CLV_A_r	1	1	1	1	seq/1CLV_A_r.fasta	pssm/1CLV_A_r.npy	dssp/1CLV_A_r.npy	coords/1CLV_A_r.npz
1D6R_A_l	1	1	1	1	seq/1D6R_A_l.fasta	pssm/1D6R_A_l.npy	dssp/1D6R_A_l.npy	coords/1D6R_A_l.npz
1D6R_A_r	1	1	1	1	seq/1D6R_A_r.fasta	pssm/1D6R_A_r.npy	dssp/1D6R_A_r.npy	coords/1D6R_A_r.npz
1DE4_AB_l	1	1	1	1	seq/1DE4_AB_l.fasta	pssm/1DE4_AB_l.npy	dssp/1DE4_AB_l.npy	coords/1DE4_AB_l.npz
1DE4_AB_r	1	1	1	1	seq/1DE4_AB_r.fasta	pssm/1DE4_AB_r.npy	dssp/1DE4_AB_r.npy	coords/1DE4_AB_r.npz
1DFJ_A_l	1	1	1	1	seq/1DFJ_A_l.fasta	pssm/1DFJ_A_l.npy	dssp/1DFJ_A_l.npy	coords/1DFJ_A_l.npz
1DFJ_B_r	1	1	1	1	seq/1DFJ_B_r.fasta	pssm/1DFJ_B_r.npy	dssp/1DFJ_B_r.npy	coords/1DFJ_B_r.npz
1DQJ_A_l	1	1	1	1	seq/1DQJ_A_l.fasta	pssm/1DQJ_A_l.npy	dssp/1DQJ_A_l.npy	coords/1DQJ_A_l.npz
1DQJ_CD_r	1	1	1	1	seq/1DQJ_CD_r.fasta	pssm/1DQJ_CD_r.npy	dssp/1DQJ_CD_r.npy	coords/1DQJ_CD_r.npz
1E4K_AB_r	1	1	1	1	seq/1E4K_AB_r.fasta	pssm/1E4K_AB_r.npy	dssp/1E4K_AB_r.npy	coords/1E4K_AB_r.npz
1E4K_A_l	1	1	1	1	seq/1E4K_A_l.fasta	pssm/1E4K_A_l.npy	dssp/1E4K_A_l.npy	coords/1E4K_A_l.npz
1E6E_A_r	1	1	1	1	seq/1E6E_A_r.fasta	pssm/1E6E_A_r.npy	dssp/1E6E_A_r.npy	coords/1E6E_A_r.npz
1E6E_D_l	1	1	1	1	seq/1E6E_D_l.fasta	pssm/1E6E_D_l.npy	dssp/1E6E_D_l.npy	coords/1E6E_D_l.npz
1E6J_A_l	1	1	1	1	seq/1E6J_A_l.fasta	pssm/1E6J_A_l.npy	dssp/1E6J_A_l.npy	coords/1E6J_A_l.npz
1E6J_LH_r	1	1	1	1	seq/1E6J_LH_r.fasta	pssm/1E6J_LH_r.npy	dssp/1E6J_LH_r.npy	coords/1E6J_LH_r.npz
1E96_A_l	1	1	1	1	seq/1E96_A_l.fasta	pssm/1E96_A_l.npy	dssp/1E96_A_l.npy	coords/1E96_A_l.npz
1E96_A_r	1	1	1	1	seq/1E96_A_r.fasta	pssm/1E96_A_r.npy	dssp/1E96_A_r.npy	coords/1E96_A_r.npz
1EAW_A_l	1	1	1	1	seq/1EAW_A_l.fasta	pssm/1EAW_A_l.npy	dssp/1EAW_A_l.npy	coords/1EAW_A_l.npz
1EAW_A_r	1	1	1	1	seq/1EAW_A_r.fasta	pssm/1EAW_A_r.npy	dssp/1EAW_A_r.npy	coords/1EAW_A_r.npz
1EER_AB_l	1	1	1	1	seq/1EER_AB_l.fasta	pssm/1EER_AB_l.npy	dssp/1EER_AB_l.npy	coords/1EER_AB_l.npz
1EER_A_r	1	1	1	1	seq/1EER_A_r.fasta	pssm/1EER_A_r.npy	dssp/1EER_A_r.npy	coords/1EER_A_r.npz
1EFN_A_l	1	1	1	1	seq/1EFN_A_l.fasta	pssm/1EFN_A_l.npy	dssp/1EFN_A_l.npy	coords/1EFN_A_l.npz
1EFN_A_r	1	1	1	1	seq/1EFN_A_r.fasta	pssm/1EFN_A_r.npy	dssp/1EFN_A_r.npy	coords/1EFN_A_r.npz
1EWY_A_l	1	1	1	1	seq/1EWY_A_l.fasta	pssm/1EWY_A_l.npy	dssp/1EWY_A_l.npy	coords/1EWY_A_l.npz
1EWY_A_r	1	1	1	1	seq/1EWY_A_r.fasta	pssm/1EWY_A_r.npy	dssp/1EWY_A_r.npy	coords/1EWY_A_r.npz
1EXB_ABCD_l	1	1	1	1	seq/1EXB_ABCD_l.fasta	pssm/1EXB_ABCD_l.npy	dssp/1EXB_ABCD_l.npy	coords/1EXB_ABCD_l.npz
1EXB_ABCD_r	1	1	1	1	seq/1EXB_ABCD_r.fasta	pssm/1EXB_ABCD_r.npy	dssp/1EXB_ABCD_r.npy	coords/1EXB_ABCD_r.npz
1EZU_AB_l	1	1	1	1	seq/1EZU_AB_l.fasta	pssm/1EZU_AB_l.npy	dssp/1EZU_AB_l.npy	coords/1EZU_AB_l.npz
1EZU_A_r	1	1	1	1	seq/1EZU_A_r.fasta	pssm/1EZU_A_r.npy	dssp/1EZU_A_r.npy	coords/1EZU_A_r.npz
1F34_A_l	1	1	1	1	seq/1F34_A_l.fasta	pssm/1F34_A_l.npy	dssp/1F34_A_l.npy	coords/1F34_A_l.npz
1F34_A_r	1	1	1	1	seq/1F34_A_r.fasta	pssm/1F34_A_r.npy	dssp/1F34_A_r.npy	coords/1F34_A_r.npz
1F51_AB_r	1	1	1	1	seq/1F51_AB_r.fasta	pssm/1F51_AB_r.npy	dssp/1F51_AB_r.npy	coords/1F51_AB_r.npz
1F51_C_l	1	1	1	1	seq/1F51_C_l.fasta	pssm/1F51_C_l.npy	dssp/1F51_C_l.npy	coords/1F51_C_l.npz
1F6M_A_l	1	1	1	1	seq/1F6M_A_l.fasta	pssm/1F6M_A_l.npy	dssp/1F6M_A_l.npy	coords/1F6M_A_l.npz
1F6M_A_r	1	1	1	1	seq/1F6M_A_r.fasta	pssm/1F6M_A_r.npy	dssp/1F6M_A_r.npy	coords/1F6M_A_r.npz
1FAK_B_l	1	1	1	1	seq/1FAK_B_l.fasta	pssm/1FAK_B_l.npy	dssp/1FAK_B_l.npy	coords/1FAK_B_l.npz
1FAK_LH_r	1	1	1	1	seq/1FAK_LH_r.fasta	pssm/1FAK_LH_r.npy	dssp/1FAK_LH_r.npy	coords/1FAK_LH_r.npz
1FC2_A_l	1	1	1	1	seq/1FC2_A_l.fasta	pssm/1FC2_A_l.npy	dssp/1FC2_A_l.npy	coords/1FC2_A_l.npz
1FC2_A_r	1	1	1	1	seq/1FC2_A_r.fasta	pssm/1FC2_A_r.npy	dssp/1FC2_A_r.npy	coords/1FC2_A_r.npz
1FCC_AB_r	1	1	1	1	seq/1FCC_AB_r.fasta	pssm/1FCC_AB_r.npy	dssp/1FCC_AB_r.npy	coords/1FCC_AB_r.npz
1FCC_A_l	1	1	1	1	seq/1FCC_A_l.fasta	pssm/1FCC_A_l.npy	dssp/1FCC_A_l.npy	coords/1FCC_A_l.npz
1FFW_A_l	1	1	1	1	seq/1FFW_A_l.fasta	pssm/1FFW_A_l.npy	dssp/1FFW_A_l.npy	coords/1FFW_A_l.npz
1FFW_A_r	1	1	1	1	seq/1FFW_A_r.fasta	pssm/1FFW_A_r.npy	dssp/1FFW_A_r.npy	coords/1FFW_A_r.npz
1FLE_A_l	1	1	1	1	seq/1FLE_A_l.fasta	pssm/1FLE_A_l.npy	dssp/1FLE_A_l.npy	coords/1FLE_A_l.npz
1FLE_A_r	1	1	1	1	seq/1FLE_A_r.fasta	pssm/1FLE_A_r.npy	dssp/1FLE_A_r.npy	coords/1FLE_A_r.npz
1FQ1_A_l	1	1	1	1	seq/1FQ1_A_l.fasta	pssm/1FQ1_A_l.npy	dssp/1FQ1_A_l.npy	coords/1FQ1_A_l.npz
1FQ1_F_r	1	1	1	1	seq/1FQ1_F_r.fasta	pssm/1FQ1_F_r.npy	dssp/1FQ1_F_r.npy	coords/1FQ1_F_r.npz
1FQJ_A_l	1	1	1	1	seq/1FQJ_A_l.fasta	pssm/1FQJ_A_l.npy	dssp/1FQJ_A_l.npy	coords/1FQJ_A_l.npz
1FQJ_C_r	1	1	1	1	seq/1FQJ_C_r.fasta	pssm/1FQJ_C_r.npy	dssp/1FQJ_C_r.npy	coords/1FQJ_C_r.npz
1FSK_A_l	1	1	1	1	seq/1FSK_A_l.fasta	pssm/1FSK_A_l.npy	dssp/1FSK_A_l.npy	coords/1FSK_A_l.npz
1FSK_BC_r	1	1	1	1	seq/1FSK_BC_r.fasta	pssm/1FSK_BC_r.npy	dssp/1FSK_BC_r.npy	coords/1FSK_BC_r.npz
1GCQ_B_l	1	1	1	1	seq/1GCQ_B_l.fasta	pssm/1GCQ_B_l.npy	dssp/1GCQ_B_l.npy	coords/1GCQ_B_l.npz
1GCQ_B_r	1	1	1	1	seq/1GCQ_B_r.fasta	pssm/1GCQ_B_r.npy	dssp/1GCQ_B_r.npy	coords/1GCQ_B_r.npz
1GHQ_A_l	1	1	1	1	seq/1GHQ_A_l.fasta	pssm/1GHQ_A_l.npy	dssp/1GHQ_A_l.npy	coords/1GHQ_A_l.npz
1GHQ_A_r	1	1	1	1	seq/1GHQ_A_r.fasta	pssm/1GHQ_A_r.npy	dssp/1GHQ_A_r.npy	coords/1GHQ_A_r.npz
1GL1_1_r	1	1	1	1	seq/1GL1_1_r.fasta	pssm/1GL1_1_r.npy	dssp/1GL1_1_r.npy	coords/1GL1_1_r.npz
1GL1_A_l	1	1	1	1	seq/1GL1_A_l.fasta	pssm/1GL1_A_l.npy	dssp/1GL1_A_l.npy	coords/1GL1_A_l.npz
1GLA_A_l	1	1	1	1	seq/1GLA_A_l.fasta	pssm/1GLA_A_l.npy	dssp/1GLA_A_l.npy	coords/1GLA_A_l.npz
1GLA_O_r	1	1	1	1	seq/1GLA_O_r.fasta	pssm/1GLA_O_r.npy	dssp/1GLA_O_r.npy	coords/1GLA_O_r.npz
1GP2_A_r	1	1	1	1	seq/1GP2_A_r.fasta	pssm/1GP2_A_r.npy	dssp/1GP2_A_r.npy	coords/1GP2_A_r.npz
1GP2_DH_l	1	1	1	1	seq/1GP2_DH_l.fasta	pssm/1GP2_DH_l.npy	dssp/1GP2_DH_l.npy	coords/1GP2_DH_l.npz
1GPW_D_r	1	1	1	1	seq/1GPW_D_r.fasta	pssm/1GPW_D_r.npy	dssp/1GPW_D_r.npy	coords/1GPW_D_r.npz
1GPW_F_l	1	1	1	1	seq/1GPW_F_l.fasta	pssm/1GPW_F_l.npy	dssp/1GPW_F_l.npy	coords/1GPW_F_l.npz
1GRN_A_l	1	1	1	1	seq/1GRN_A_l.fasta	pssm/1GRN_A_l.npy	dssp/1GRN_A_l.npy	coords/1GRN_A_l.npz
1GRN_A_r	1	1	1	1	seq/1GRN_A_r.fasta	pssm/1GRN_A_r.npy	dssp/1GRN_A_r.npy	coords/1GRN_A_r.npz
1GXD_A_l	1	1	1	1	seq/1GXD_A_l.fasta	pssm/1GXD_A_l.npy	dssp/1GXD_A_l.npy	coords/1GXD_A_l.npz
1GXD_A_r	1	1	1	1	seq/1GXD_A_r.fasta	pssm/1GXD_A_r.npy	dssp/1GXD_A_r.npy	coords/1GXD_A_r.npz
1H1V_B_l	1	1	1	1	seq/1H1V_B_l.fasta	pssm/1H1V_B_l.npy	dssp/1H1V_B_l.npy	coords/1H1V_B_l.npz
1H1V_B_r	1	1	1	1	seq/1H1V_B_r.fasta	pssm/1H1V_B_r.npy	dssp/1H1V_B_r.npy	coords/1H1V_B_r.npz
1H9D_A_l	1	1	1	1	seq/1H9D_A_l.fasta	pssm/1H9D_A_l.npy	dssp/1H9D_A_l.npy	coords/1H9D_A_l.npz
1H9D_A_r	1	1	1	1	seq/1H9D_A_r.fasta	pssm/1H9D_A_r.npy	dssp/1H9D_A_r.npy	coords/1H9D_A_r.npz
1HCF_AM_r	1	1	1	1	seq/1HCF_AM_r.fasta	pssm/1HCF_AM_r.npy	dssp/1HCF_AM_r.npy	coords/1HCF_AM_r.npz
1HCF_X_l	1	1	1	1	seq/1HCF_X_l.fasta	pssm/1HCF_X_l.npy	dssp/1HCF_X_l.npy	coords/1HCF_X_l.npz
1HE1_A_l	1	1	1	1	seq/1HE1_A_l.fasta	pssm/1HE1_A_l.npy	dssp/1HE1_A_l.npy	coords/1HE1_A_l.npz
1HE1_A_r	1	1	1	1	seq/1HE1_A_r.fasta	pssm/1HE1_A_r.npy	dssp/1HE1_A_r.npy	coords/1HE1_A_r.npz
1HE8_A_l	1	1	1	1	seq/1HE8_A_l.fasta	pssm/1HE8_A_l.npy	dssp/1HE8_A_l.npy	coords/1HE8_A_l.npz
1HE8_A_r	1	1	1	1	seq/1HE8_A_r.fasta	pssm/1HE8_A_r.npy	dssp/1HE8_A_r.npy	coords/1HE8_A_r.npz
1HIA_A_l	1	1	1	1	seq/1HIA_A_l.fasta	pssm/1HIA_A_l.npy	dssp/1HIA_A_l.npy	coords/1HIA_A_l.npz
1HIA_XY_r	1	1	1	1	seq/1HIA_XY_r.fasta	pssm/1HIA_XY_r.npy	dssp/1HIA_XY_r.npy	coords/1HIA_XY_r.npz
1I2M_A_l	1	1	1	1	seq/1I2M_A_l.fasta	pssm/1I2M_A_l.npy	dssp/1I2M_A_l.npy	coords/1I2M_A_l.npz
1I2M_A_r	1	1	1	1	seq/1I2M_A_r.fasta	pssm/1I2M_A_r.npy	dssp/1I2M_A_r.npy	coords/1I2M_A_r.npz
1I4D_AB_r	1	1	1	1	seq/1I4D_AB_r.fasta	pssm/1I4D_AB_r.npy	dssp/1I4D_AB_r.npy	coords/1I4D_AB_r.npz
1I4D_A_l	1	1	1	1	seq/1I4D_A_l.fasta	pssm/1I4D_A_l.npy	dssp/1I4D_A_l.npy	coords/1I4D_A_l.npz
1I9R_ABC_r	1	1	1	1	seq/1I9R_ABC_r.fasta	pssm/1I9R_ABC_r.npy	dssp/1I9R_ABC_r.npy	coords/1I9R_ABC_r.npz
1I9R_LH_l	1	1	1	1	seq/1I9R_LH_l.fasta	pssm/1I9R_LH_l.npy	dssp/1I9R_LH_l.npy	coords/1I9R_LH_l.npz
1IB1_AB_r	1	1	1	1	seq/1IB1_AB_r.fasta	pssm/1IB1_AB_r.npy	dssp/1IB1_AB_r.npy	coords/1IB1_AB_r.npz
1IB1_A_l	1	1	1	1	seq/1IB1_A_l.fasta	pssm/1IB1_A_l.npy	dssp/1IB1_A_l.npy	coords/1IB1_A_l.npz
1IBR_A_l	1	1	1	1	seq/1IBR_A_l.fasta	pssm/1IBR_A_l.npy	dssp/1IBR_A_l.npy	coords/1IBR_A_l.npz
1IBR_A_r	1	1	1	1	seq/1IBR_A_r.fasta	pssm/1IBR_A_r.npy	dssp/1IBR_A_r.npy	coords/1IBR_A_r.npz
1IJK_AB_r	1	1	1	1	seq/1IJK_AB_r.fasta	pssm/1IJK_AB_r.npy	dssp/1IJK_AB_r.npy	coords/1IJK_AB_r.npz
1IJK_A_l	1	1	1	1	seq/1IJK_A_l.fasta	pssm/1IJK_A_l.npy	dssp/1IJK_A_l.npy	coords/1IJK_A_l.npz
1IQD_AB_r	1	1	1	1	seq/1IQD_AB_r.fasta	pssm/1IQD_AB_r.npy	dssp/1IQD_AB_r.npy	coords/1IQD_AB_r.npz
1IQD_M_l	1	1	1	1	seq/1IQD_M_l.fasta	pssm/1IQD_M_l.npy	dssp/1IQD_M_l.npy	coords/1IQD_M_l.npz
1IRA_1_l	1	1	1	1	seq/1IRA_1_l.fasta	pssm/1IRA_1_l.npy	dssp/1IRA_1_l.npy	coords/1IRA_1_l.npz
1IRA_R_r	1	1	1	1	seq/1IRA_R_r.fasta	pssm/1IRA_R_r.npy	dssp/1IRA_R_r.npy	coords/1IRA_R_r.npz
1J2J_A_l	1	1	1	1	seq/1J2J_A_l.fasta	pssm/1J2J_A_l.npy	dssp/1J2J_A_l.npy	coords/1J2J_A_l.npz
1J2J_A_r	1	1	1	1	seq/1J2J_A_r.fasta	pssm/1J2J_A_r.npy	dssp/1J2J_A_r.npy	coords/1J2J_A_r.npz
1JIW_A_l	1	1	1	1	seq/1JIW_A_l.fasta	pssm/1JIW_A_l.npy	dssp/1JIW_A_l.npy	coords/1JIW_A_l.npz
1JIW_A_r	1	1	1	1	seq/1JIW_A_r.fasta	pssm/1JIW_A_r.npy	dssp/1JIW_A_r.npy	coords/1JIW_A_r.npz
1JK9_A_l	1	1	1	1	seq/1JK9_A_l.fasta	pssm/1JK9_A_l.npy	dssp/1JK9_A_l.npy	coords/1JK9_A_l.npz
1JK9_A_r	1	1	1	1	seq/1JK9_A_r.fasta	pssm/1JK9_A_r.npy	dssp/1JK9_A_r.npy	coords/1JK9_A_r.npz
1JMO_A_r	1	1	1	1	seq/1JMO_A_r.fasta	pssm/1JMO_A_r.npy	dssp/1JMO_A_r.npy	coords/1JMO_A_r.npz
1JMO_HL_l	1	1	1	1	seq/1JMO_HL_l.fasta	pssm/1JMO_HL_l.npy	dssp/1JMO_HL_l.npy	coords/1JMO_HL_l.npz
1JPS_B_l	1	1	1	1	seq/1JPS_B_l.fasta	pssm/1JPS_B_l.npy	dssp/1JPS_B_l.npy	coords/1JPS_B_l.npz
1JPS_LH_r	1	1	1	1	seq/1JPS_LH_r.fasta	pssm/1JPS_LH_r.npy	dssp/1JPS_LH_r.npy	coords/1JPS_LH_r.npz
1JTD_A_l	1	1	1	1	seq/1JTD_A_l.fasta	pssm/1JTD_A_l.npy	dssp/1JTD_A_l.npy	coords/1JTD_A_l.npz
1JTD_A_r	1	1	1	1	seq/1JTD_A_r.fasta	pssm/1JTD_A_r.npy	dssp/1JTD_A_r.npy	coords/1JTD_A_r.npz
1JTG_A_r	1	1	1	1	seq/1JTG_A_r.fasta	pssm/1JTG_A_r.npy	dssp/1JTG_A_r.npy	coords/1JTG_A_r.npz
1JTG_B_l	1	1	1	1	seq/1JTG_B_l.fasta	pssm/1JTG_B_l.npy	dssp/1JTG_B_l.npy	coords/1JTG_B_l.npz
1JWH_AB_r	1	1	1	1	seq/1JWH_AB_r.fasta	pssm/1JWH_AB_r.npy	dssp/1JWH_AB_r.npy	coords/1JWH_AB_r.npz
1JWH_A_l	1	1	1	1	seq/1JWH_A_l.fasta	pssm/1JWH_A_l.npy	dssp/1JWH_A_l.npy	coords/1JWH_A_l.npz
1JZD_AB_r	1	1	1	1	seq/1JZD_AB_r.fasta	pssm/1JZD_AB_r.npy	dssp/1JZD_AB_r.npy	coords/1JZD_AB_r.npz
1JZD_A_l	1	1	1	1	seq/1JZD_A_l.fasta	pssm/1JZD_A_l.npy	dssp/1JZD_A_l.npy	coords/1JZD_A_l.npz
1K4C_AB_r	1	1	1	1	seq/1K4C_AB_r.fasta	pssm/1K4C_AB_r.npy	dssp/1K4C_AB_r.npy	coords/1K4C_AB_r.npz
1K4C_A_l	1	1	1	1	seq/1K4C_A_l.fasta	pssm/1K4C_A_l.npy	dssp/1K4C_A_l.npy	coords/1K4C_A_l.npz
1K5D_AB_r	1	1	1	1	seq/1K5D_AB_r.fasta	pssm/1K5D_AB_r.npy	dssp/1K5D_AB_r.npy	coords/1K5D_AB_r.npz
1K5D_B_l	1	1	1	1	seq/1K5D_B_l.fasta	pssm/1K5D_B_l.npy	dssp/1K5D_B_l.npy	coords/1K5D_B_l.npz
1K74_AB_r	1	1	1	1	seq/1K74_AB_r.fasta	pssm/1K74_AB_r.npy	dssp/1K74_AB_r.npy	coords/1K74_AB_r.npz
1K74_A_l	1	1	1	1	seq/1K74_A_l.fasta	pssm/1K74_A_l.npy	dssp/1K74_A_l.npy	coords/1K74_A_l.npz
1KAC_B_l	1	1	1	1	seq/1KAC_B_l.fasta	pssm/1KAC_B_l.npy	dssp/1KAC_B_l.npy	coords/1KAC_B_l.npz
1KAC_F_r	1	1	1	1	seq/1KAC_F_r.fasta	pssm/1KAC_F_r.npy	dssp/1KAC_F_r.npy	coords/1KAC_F_r.npz
1KKL_ABC_r	1	1	1	1	seq/1KKL_ABC_r.fasta	pssm/1KKL_ABC_r.npy	dssp/1KKL_ABC_r.npy	coords/1KKL_ABC_r.npz
1KKL_A_l	1	1	1	1	seq/1KKL_A_l.fasta	pssm/1KKL_A_l.npy	dssp/1KKL_A_l.npy	coords/1KKL_A_l.npz
1KLU_AB_r	1	1	1	1	seq/1KLU_AB_r.fasta	pssm/1KLU_AB_r.npy	dssp/1KLU_AB_r.npy	coords/1KLU_AB_r.npz
1KLU_A_l	1	1	1	1	seq/1KLU_A_l.fasta	pssm/1KLU_A_l.npy	dssp/1KLU_A_l.npy	coords/1KLU_A_l.npz
1KTZ_A_l	1	1	1	1	seq/1KTZ_A_l.fasta	pssm/1KTZ_A_l.npy	dssp/1KTZ_A_l.npy	coords/1KTZ_A_l.npz
1KTZ_A_r	1	1	1	1	seq/1KTZ_A_r.fasta	pssm/1KTZ_A_r.npy	dssp/1KTZ_A_r.npy	coords/1KTZ_A_r.npz
1KXP_B_l	1	1	1	1	seq/1KXP_B_l.fasta	pssm/1KXP_B_l.npy	dssp/1KXP_B_l.npy	coords/1KXP_B_l.npz
1KXP_B_r	1	1	1	1	seq/1KXP_B_r.fasta	pssm/1KXP_B_r.npy	dssp/1KXP_B_r.npy	coords/1KXP_B_r.npz
1KXQ_A_r	1	1	1	1	seq/1KXQ_A_r.fasta	pssm/1KXQ_A_r.npy	dssp/1KXQ_A_r.npy	coords/1KXQ_A_r.npz
1KXQ_H_l	1	1	1	1	seq/1KXQ_H_l.fasta	pssm/1KXQ_H_l.npy	dssp/1KXQ_H_l.npy	coords/1KXQ_H_l.npz
1LFD_A_l	1	1	1	1	seq/1LFD_A_l.fasta	pssm/1LFD_A_l.npy	dssp/1LFD_A_l.npy	coords/1LFD_A_l.npz
1LFD_A_r	1	1	1	1	seq/1LFD_A_r.fasta	pssm/1LFD_A_r.npy	dssp/1LFD_A_r.npy	coords/1LFD_A_r.npz
1M10_A_r	1	1	1	1	seq/1M10_A_r.fasta	pssm/1M10_A_r.npy	dssp/1M10_A_r.npy	coords/1M10_A_r.npz
1M10_B_l	1	1	1	1	seq/1M10_B_l.fasta	pssm/1M10_B_l.npy	dssp/1M10_B_l.npy	coords/1M10_B_l.npz
1M27_AB_r	1	1	1	1	seq/1M27_AB_r.fasta	pssm/1M27_AB_r.npy	dssp/1M27_AB_r.npy	coords/1M27_AB_r.npz
1M27_A_l	1	1	1	1	seq/1M27_A_l.fasta	pssm/1M27_A_l.npy	dssp/1M27_A_l.npy	coords/1M27_A_l.npz
1MAH_A_l	1	1	1	1	seq/1MAH_A_l.fasta	pssm/1MAH_A_l.npy	dssp/1MAH_A_l.npy	coords/1MAH_A_l.npz
1MAH_B_r	1	1	1	1	seq/1MAH_B_r.fasta	pssm/1MAH_B_r.npy	dssp/1MAH_B_r.npy	coords/1MAH_B_r.npz
1ML0_AB_r	1	1	1	1	seq/1ML0_AB_r.fasta	pssm/1ML0_AB_r.npy	dssp/1ML0_AB_r.npy	coords/1ML0_AB_r.npz
1ML0_A_l	1	1	1	1	seq/1ML0_A_l.fasta	pssm/1ML0_A_l.npy	dssp/1ML0_A_l.npy	coords/1ML0_A_l.npz
1MLC_AB_r	1	1	1	1	seq/1MLC_AB_r.fasta	pssm/1MLC_AB_r.npy	dssp/1MLC_AB_r.npy	coords/1MLC_AB_r.npz
1MLC_A_l	1	1	1	1	seq/1MLC_A_l.fasta	pssm/1MLC_A_l.npy	dssp/1MLC_A_l.npy	coords/1MLC_A_l.npz
1MQ8_A_l	1	1	1	1	seq/1MQ8_A_l.fasta	pssm/1MQ8_A_l.npy	dssp/1MQ8_A_l.npy	coords/1MQ8_A_l.npz
1MQ8_A_r	1	1	1	1	seq/1MQ8_A_r.fasta	pssm/1MQ8_A_r.npy	dssp/1MQ8_A_r.npy	coords/1MQ8_A_r.npz
1N2C_ABCD_r	1	1	1	1	seq/1N2C_ABCD_r.fasta	pssm/1N2C_ABCD_r.npy	dssp/1N2C_ABCD_r.npy	coords/1N2C_ABCD_r.npz
1N2C_AB_l	1	1	1	1	seq/1N2C_AB_l.fasta	pssm/1N2C_AB_l.npy	dssp/1N2C_AB_l.npy	coords/1N2C_AB_l.npz
1NCA_A_l	1	1	1	1	seq/1NCA_A_l.fasta	pssm/1NCA_A_l.npy	dssp/1NCA_A_l.npy	coords/1NCA_A_l.npz
1NCA_LH_r	1	1	1	1	seq/1NCA_LH_r.fasta	pssm/1NCA_LH_r.npy	dssp/1NCA_LH_r.npy	coords/1NCA_LH_r.npz
1NSN_A_l	1	1	1	1	seq/1NSN_A_l.fasta	pssm/1NSN_A_l.npy	dssp/1NSN_A_l.npy	coords/1NSN_A_l.npz
1NSN_LH_r	1	1	1	1	seq/1NSN_LH_r.fasta	pssm/1NSN_LH_r.npy	dssp/1NSN_LH_r.npy	coords/1NSN_LH_r.npz
1NW9_A_l	1	1	1	1	seq/1NW9_A_l.fasta	pssm/1NW9_A_l.npy	dssp/1NW9_A_l.npy	coords/1NW9_A_l.npz
1NW9_A_r	1	1	1	1	seq/1NW9_A_r.fasta	pssm/1NW9_A_r.npy	dssp/1NW9_A_r.npy	coords/1NW9_A_r.npz
1OC0_A_l	1	1	1	1	seq/1OC0_A_l.fasta	pssm/1OC0_A_l.npy	dssp/1OC0_A_l.npy	coords/1OC0_A_l.npz
1OC0_A_r	1	1	1	1	seq/1OC0_A_r.fasta	pssm/1OC0_A_r.npy	dssp/1OC0_A_r.npy	coords/1OC0_A_r.npz
1OFU_AB_r	1	1	1	1	seq/1OFU_AB_r.fasta	pssm/1OFU_AB_r.npy	dssp/1OFU_AB_r.npy	coords/1OFU_AB_r.npz
1OFU_A_l	1	1	1	1	seq/1OFU_A_l.fasta	pssm/1OFU_A_l.npy	dssp/1OFU_A_l.npy	coords/1OFU_A_l.npz
1OPH_A_l	1	1	1	1	seq/1OPH_A_l.fasta	pssm/1OPH_A_l.npy	dssp/1OPH_A_l.npy	coords/1OPH_A_l.npz
1OPH_A_r	1	1	1	1	seq/1OPH_A_r.fasta	pssm/1OPH_A_r.npy	dssp/1OPH_A_r.npy	coords/1OPH_A_r.npz
1OYV_A_l	1	1	1	1	seq/1OYV_A_l.fasta	pssm/1OYV_A_l.npy	dssp/1OYV_A_l.npy	coords/1OYV_A_l.npz
1OYV_A_r	1	1	1	1	seq/1OYV_A_r.fasta	pssm/1OYV_A_r.npy	dssp/1OYV_A_r.npy	coords/1OYV_A_r.npz
1PPE_A_l	1	1	1	1	seq/1PPE_A_l.fasta	pssm/1PPE_A_l.npy	dssp/1PPE_A_l.npy	coords/1PPE_A_l.npz
1PPE_A_r	1	1	1	1	seq/1PPE_A_r.fasta	pssm/1PPE_A_r.npy	dssp/1PPE_A_r.npy	coords/1PPE_A_r.npz
1PVH_A_l	1	1	1	1	seq/1PVH_A_l.fasta	pssm/1PVH_A_l.npy	dssp/1PVH_A_l.npy	coords/1PVH_A_l.npz
1PVH_A_r	1	1	1	1	seq/1PVH_A_r.fasta	pssm/1PVH_A_r.npy	dssp/1PVH_A_r.npy	coords/1PVH_A_r.npz
1PXV_A_l	1	1	1	1	seq/1PXV_A_l.fasta	pssm/1PXV_A_l.npy	dssp/1PXV_A_l.npy	coords/1PXV_A_l.npz
1PXV_A_r	1	1	1	1	seq/1PXV_A_r.fasta	pssm/1PXV_A_r.npy	dssp/1PXV_A_r.npy	coords/1PXV_A_r.npz
1QA9_A_l	1	1	1	1	seq/1QA9_A_l.fasta	pssm/1QA9_A_l.npy	dssp/1QA9_A_l.npy	coords/1QA9_A_l.npz
1QA9_A_r	1	1	1	1	seq/1QA9_A_r.fasta	pssm/1QA9_A_r.npy	dssp/1QA9_A_r.npy	coords/1QA9_A_r.npz
1QFW_AB_l	1	1	1	1	seq/1QFW_AB_l.fasta	pssm/1QFW_AB_l.npy	dssp/1QFW_AB_l.npy	coords/1QFW_AB_l.npz
1QFW_IM_r	1	1	1	1	seq/1QFW_IM_r.fasta	pssm/1QFW_IM_r.npy	dssp/1QFW_IM_r.npy	coords/1QFW_IM_r.npz
1R0R_E_r	1	1	1	1	seq/1R0R_E_r.fasta	pssm/1R0R_E_r.npy	dssp/1R0R_E_r.npy	coords/1R0R_E_r.npz
1R0R_I_l	1	1	1	1	seq/1R0R_I_l.fasta	pssm/1R0R_I_l.npy	dssp/1R0R_I_l.npy	coords/1R0R_I_l.npz
1R6Q_A_l	1	1	1	1	seq/1R6Q_A_l.fasta	pssm/1R6Q_A_l.npy	dssp/1R6Q_A_l.npy	coords/1R6Q_A_l.npz
1R6Q_X_r	1	1	1	1	seq/1R6Q_X_r.fasta	pssm/1R6Q_X_r.npy	dssp/1R6Q_X_r.npy	coords/1R6Q_X_r.npz
1R8S_A_r	1	1	1	1	seq/1R8S_A_r.fasta	pssm/1R8S_A_r.npy	dssp/1R8S_A_r.npy	coords/1R8S_A_r.npz
1R8S_E_l	1	1	1	1	seq/1R8S_E_l.fasta	pssm/1R8S_E_l.npy	dssp/1R8S_E_l.npy	coords/1R8S_E_l.npz
1RKE_A_l	1	1	1	1	seq/1RKE_A_l.fasta	pssm/1RKE_A_l.npy	dssp/1RKE_A_l.npy	coords/1RKE_A_l.npz
1RKE_A_r	1	1	1	1	seq/1RKE_A_r.fasta	pssm/1RKE_A_r.npy	dssp/1RKE_A_r.npy	coords/1RKE_A_r.npz
1RLB_ABCD_r	1	1	1	1	seq/1RLB_ABCD_r.fasta	pssm/1RLB_ABCD_r.npy	dssp/1RLB_ABCD_r.npy	coords/1RLB_ABCD_r.npz
1RLB_A_l	1	1	1	1	seq/1RLB_A_l.fasta	pssm/1RLB_A_l.npy	dssp/1RLB_A_l.npy	coords/1RLB_A_l.npz
1RV6_AB_r	1	1	1	1	seq/1RV6_AB_r.fasta	pssm/1RV6_AB_r.npy	dssp/1RV6_AB_r.npy	coords/1RV6_AB_r.npz
1RV6_A_l	1	1	1	1	seq/1RV6_A_l.fasta	pssm/1RV6_A_l.npy	dssp/1RV6_A_l.npy	coords/1RV6_A_l.npz
1S1Q_A_l	1	1	1	1	seq/1S1Q_A_l.fasta	pssm/1S1Q_A_l.npy	dssp/1S1Q_A_l.npy	coords/1S1Q_A_l.npz
1S1Q_A_r	1	1	1	1	seq/1S1Q_A_r.fasta	pssm/1S1Q_A_r.npy	dssp/1S1Q_A_r.npy	coords/1S1Q_A_r.npz
1S78_A_l	1	1	1	1	seq/1S78_A_l.fasta	pssm/1S78_A_l.npy	dssp/1S78_A_l.npy	coords/1S78_A_l.npz
1S78_HL_r	1	1	1	1	seq/1S78_HL_r.fasta	pssm/1S78_HL_r.npy	dssp/1S78_HL_r.npy	coords/1S78_HL_r.npz
1SBB_A_l	1	1	1	1	seq/1SBB_A_l.fasta	pssm/1SBB_A_l.npy	dssp/1SBB_A_l.npy	coords/1SBB_A_l.npz
1SBB_A_r	1	1	1	1	seq/1SBB_A_r.fasta	pssm/1SBB_A_r.npy	dssp/1SBB_A_r.npy	coords/1SBB_A_r.npz
1SYX_A_l	1	1	1	1	seq/1SYX_A_l.fasta	pssm/1SYX_A_l.npy	dssp/1SYX_A_l.npy	coords/1SYX_A_l.npz
1SYX_A_r	1	1	1	1	seq/1SYX_A_r.fasta	pssm/1SYX_A_r.npy	dssp/1SYX_A_r.npy	coords/1SYX_A_r.npz
1T6B_A_r	1	1	1	1	seq/1T6B_A_r.fasta	pssm/1T6B_A_r.npy	dssp/1T6B_A_r.npy	coords/1T6B_A_r.npz
1T6B_X_l	1	1	1	1	seq/1T6B_X_l.fasta	pssm/1T6B_X_l.npy	dssp/1T6B_X_l.npy	coords/1T6B_X_l.npz
1TMQ_A_l	1	1	1	1	seq/1TMQ_A_l.fasta	pssm/1TMQ_A_l.npy	dssp/1TMQ_A_l.npy	coords/1TMQ_A_l.npz
1TMQ_A_r	1	1	1	1	seq/1TMQ_A_r.fasta	pssm/1TMQ_A_r.npy	dssp/1TMQ_A_r.npy	coords/1TMQ_A_r.npz
1UDI_A_r	1	1	1	1	seq/1UDI_A_r.fasta	pssm/1UDI_A_r.npy	dssp/1UDI_A_r.npy	coords/1UDI_A_r.npz
1UDI_B_l	1	1	1	1	seq/1UDI_B_l.fasta	pssm/1UDI_B_l.npy	dssp/1UDI_B_l.npy	coords/1UDI_B_l.npz
1US7_A_l	1	1	1	1	seq/1US7_A_l.fasta	pssm/1US7_A_l.npy	dssp/1US7_A_l.npy	coords/1US7_A_l.npz
1US7_A_r	1	1	1	1	seq/1US7_A_r.fasta	pssm/1US7_A_r.npy	dssp/1US7_A_r.npy	coords/1US7_A_r.npz
1VFB_AB_r	1	1	1	1	seq/1VFB_AB_r.fasta	pssm/1VFB_AB_r.npy	dssp/1VFB_AB_r.npy	coords/1VFB_AB_r.npz
1VFB_A_l	1	1	1	1	seq/1VFB_A_l.fasta	pssm/1VFB_A_l.npy	dssp/1VFB_A_l.npy	coords/1VFB_A_l.npz
1WDW_AB_r	1	1	1	1	seq/1WDW_AB_r.fasta	pssm/1WDW_AB_r.npy	dssp/1WDW_AB_r.npy	coords/1WDW_AB_r.npz
1WDW_A_l	1	1	1	1	seq/1WDW_A_l.fasta	pssm/1WDW_A_l.npy	dssp/1WDW_A_l.npy	coords/1WDW_A_l.npz
1WEJ_A_l	1	1	1	1	seq/1WEJ_A_l.fasta	pssm/1WEJ_A_l.npy	dssp/1WEJ_A_l.npy	coords/1WEJ_A_l.npz
1WEJ_LH_r	1	1	1	1	seq/1WEJ_LH_r.fasta	pssm/1WEJ_LH_r.npy	dssp/1WEJ_LH_r.npy	coords/1WEJ_LH_r.npz
1WQ1_A_r	1	1	1	1	seq/1WQ1_A_r.fasta	pssm/1WQ1_A_r.npy	dssp/1WQ1_A_r.npy	coords/1WQ1_A_r.npz
1WQ1_D_l	1	1	1	1	seq/1WQ1_D_l.fasta	pssm/1WQ1_D_l.npy	dssp/1WQ1_D_l.npy	coords/1WQ1_D_l.npz
1XD3_A_l	1	1	1	1	seq/1XD3_A_l.fasta	pssm/1XD3_A_l.npy	dssp/1XD3_A_l.npy	coords/1XD3_A_l.npz
1XD3_A_r	1	1	1	1	seq/1XD3_A_r.fasta	pssm/1XD3_A_r.npy	dssp/1XD3_A_r.npy	coords/1XD3_A_r.npz
1XQS_A_l	1	1	1	1	seq/1XQS_A_l.fasta	pssm/1XQS_A_l.npy	dssp/1XQS_A_l.npy	coords/1XQS_A_l.npz
1XQS_A_r	1	1	1	1	seq/1XQS_A_r.fasta	pssm/1XQS_A_r.npy	dssp/1XQS_A_r.npy	coords/1XQS_A_r.npz
1XU1_ABD_r	1	1	1	1	seq/1XU1_ABD_r.fasta	pssm/1XU1_ABD_r.npy	dssp/1XU1_ABD_r.npy	coords/1XU1_ABD_r.npz
1XU1_A_l	1	1	1	1	seq/1XU1_A_l.fasta	pssm/1XU1_A_l.npy	dssp/1XU1_A_l.npy	coords/1XU1_A_l.npz
1Y64_A_l	1	1	1	1	seq/1Y64_A_l.fasta	pssm/1Y64_A_l.npy	dssp/1Y64_A_l.npy	coords/1Y64_A_l.npz
1Y64_A_r	1	1	1	1	seq/1Y64_A_r.fasta	pssm/1Y64_A_r.npy	dssp/1Y64_A_r.npy	coords/1Y64_A_r.npz
1YVB_A_r	1	1	1	1	seq/1YVB_A_r.fasta	pssm/1YVB_A_r.npy	dssp/1YVB_A_r.npy	coords/1YVB_A_r.npz
1YVB_I_l	1	1	1	1	seq/1YVB_I_l.fasta	pssm/1YVB_I_l.npy	dssp/1YVB_I_l.npy	coords/1YVB_I_l.npz
1Z0K_A_l	1	1	1	1	seq/1Z0K_A_l.fasta	pssm/1Z0K_A_l.npy	dssp/1Z0K_A_l.npy	coords/1Z0K_A_l.npz
1Z0K_A_r	1	1	1	1	seq/1Z0K_A_r.fasta	pssm/1Z0K_A_r.npy	dssp/1Z0K_A_r.npy	coords/1Z0K_A_r.npz
1Z5Y_A_l	1	1	1	1	seq/1Z5Y_A_l.fasta	pssm/1Z5Y_A_l.npy	dssp/1Z5Y_A_l.npy	coords/1Z5Y_A_l.npz
1Z5Y_A_r	1	1	1	1	seq/1Z5Y_A_r.fasta	pssm/1Z5Y_A_r.npy	dssp/1Z5Y_A_r.npy	coords/1Z5Y_A_r.npz
1ZHH_A_l	1	1	1	1	seq/1ZHH_A_l.fasta	pssm/1ZHH_A_l.npy	dssp/1ZHH_A_l.npy	coords/1ZHH_A_l.npz
1ZHH_A_r	1	1	1	1	seq/1ZHH_A_r.fasta	pssm/1ZHH_A_r.npy	dssp/1ZHH_A_r.npy	coords/1ZHH_A_r.npz
1ZHI_A_l	1	1	1	1	seq/1ZHI_A_l.fasta	pssm/1ZHI_A_l.npy	dssp/1ZHI_A_l.npy	coords/1ZHI_A_l.npz
1ZHI_A_r	1	1	1	1	seq/1ZHI_A_r.fasta	pssm/1ZHI_A_r.npy	dssp/1ZHI_A_r.npy	coords/1ZHI_A_r.npz
1ZLI_A_l	1	1	1	1	seq/1ZLI_A_l.fasta	pssm/1ZLI_A_l.npy	dssp/1ZLI_A_l.npy	coords/1ZLI_A_l.npz
1ZLI_A_r	1	1	1	1	seq/1ZLI_A_r.fasta	pssm/1ZLI_A_r.npy	dssp/1ZLI_A_r.npy	coords/1ZLI_A_r.npz
1ZM4_A_l	1	1	1	1	seq/1ZM4_A_l.fasta	pssm/1ZM4_A_l.npy	dssp/1ZM4_A_l.npy	coords/1ZM4_A_l.npz
1ZM4_C_r	1	1	1	1	seq/1ZM4_C_r.fasta	pssm/1ZM4_C_r.npy	dssp/1ZM4_C_r.npy	coords/1ZM4_C_r.npz
2A1A_A_l	1	1	1	1	seq/2A1A_A_l.fasta	pssm/2A1A_A_l.npy	dssp/2A1A_A_l.npy	coords/2A1A_A_l.npz
2A1A_A_r	1	1	1	1	seq/2A1A_A_r.fasta	pssm/2A1A_A_r.npy	dssp/2A1A_A_r.npy	coords/2A1A_A_r.npz
2A5T_A_l	1	1	1	1	seq/2A5T_A_l.fasta	pssm/2A5T_A_l.npy	dssp/2A5T_A_l.npy	coords/2A5T_A_l.npz
2A5T_A_r	1	1	1	1	seq/2A5T_A_r.fasta	pssm/2A5T_A_r.npy	dssp/2A5T_A_r.npy	coords/2A5T_A_r.npz
2A9K_A_r	1	1	1	1	seq/2A9K_A_r.fasta	pssm/2A9K_A_r.npy	dssp/2A9K_A_r.npy	coords/2A9K_A_r.npz
2A9K_X_l	1	1	1	1	seq/2A9K_X_l.fasta	pssm/2A9K_X_l.npy	dssp/2A9K_X_l.npy	coords/2A9K_X_l.npz
2ABZ_A_l	1	1	1	1	seq/2ABZ_A_l.fasta	pssm/2ABZ_A_l.npy	dssp/2ABZ_A_l.npy	coords/2ABZ_A_l.npz
2ABZ_A_r	1	1	1	1	seq/2ABZ_A_r.fasta	pssm/2ABZ_A_r.npy	dssp/2ABZ_A_r.npy	coords/2ABZ_A_r.npz
2AJF_A_r	1	1	1	1	seq/2AJF_A_r.fasta	pssm/2AJF_A_r.npy	dssp/2AJF_A_r.npy	coords/2AJF_A_r.npz
2AJF_E_l	1	1	1	1	seq/2AJF_E_l.fasta	pssm/2AJF_E_l.npy	dssp/2AJF_E_l.npy	coords/2AJF_E_l.npz
2AYO_A_l	1	1	1	1	seq/2AYO_A_l.fasta	pssm/2AYO_A_l.npy	dssp/2AYO_A_l.npy	coords/2AYO_A_l.npz
2AYO_A_r	1	1	1	1	seq/2AYO_A_r.fasta	pssm/2AYO_A_r.npy	dssp/2AYO_A_r.npy	coords/2AYO_A_r.npz
2B42_A_l	1	1	1	1	seq/2B42_A_l.fasta	pssm/2B42_A_l.npy	dssp/2B42_A_l.npy	coords/2B42_A_l.npz
2B42_X_r	1	1	1	1	seq/2B42_X_r.fasta	pssm/2B42_X_r.npy	dssp/2B42_X_r.npy	coords/2B42_X_r.npz
2B4J_AB_r	1	1	1	1	seq/2B4J_AB_r.fasta	pssm/2B4J_AB_r.npy	dssp/2B4J_AB_r.npy	coords/2B4J_AB_r.npz
2B4J_A_l	1	1	1	1	seq/2B4J_A_l.fasta	pssm/2B4J_A_l.npy	dssp/2B4J_A_l.npy	coords/2B4J_A_l.npz
2BTF_A_l	1	1	1	1	seq/2BTF_A_l.fasta	pssm/2BTF_A_l.npy	dssp/2BTF_A_l.npy	coords/2BTF_A_l.npz
2BTF_B_r	1	1	1	1	seq/2BTF_B_r.fasta	pssm/2BTF_B_r.npy	dssp/2BTF_B_r.npy	coords/2BTF_B_r.npz
2C0L_A_l	1	1	1	1	seq/2C0L_A_l.fasta	pssm/2C0L_A_l.npy	dssp/2C0L_A_l.npy	coords/2C0L_A_l.npz
2C0L_A_r	1	1	1	1	seq/2C0L_A_r.fasta	pssm/2C0L_A_r.npy	dssp/2C0L_A_r.npy	coords/2C0L_A_r.npz
2CFH_A_l	1	1	1	1	seq/2CFH_A_l.fasta	pssm/2CFH_A_l.npy	dssp/2CFH_A_l.npy	coords/2CFH_A_l.npz
2CFH_A_r	1	1	1	1	seq/2CFH_A_r.fasta	pssm/2CFH_A_r.npy	dssp/2CFH_A_r.npy	coords/2CFH_A_r.npz
2DD8_AB_r	1	1	1	1	seq/2DD8_AB_r.fasta	pssm/2DD8_AB_r.npy	dssp/2DD8_AB_r.npy	coords/2DD8_AB_r.npz
2DD8_E_l	1	1	1	1	seq/2DD8_E_l.fasta	pssm/2DD8_E_l.npy	dssp/2DD8_E_l.npy	coords/2DD8_E_l.npz
2FD6_A_l	1	1	1	1	seq/2FD6_A_l.fasta	pssm/2FD6_A_l.npy	dssp/2FD6_A_l.npy	coords/2FD6_A_l.npz
2FD6_LH_r	1	1	1	1	seq/2FD6_LH_r.fasta	pssm/2FD6_LH_r.npy	dssp/2FD6_LH_r.npy	coords/2FD6_LH_r.npz
2FJG_AB_l	1	1	1	1	seq/2FJG_AB_l.fasta	pssm/2FJG_AB_l.npy	dssp/2FJG_AB_l.npy	coords/2FJG_AB_l.npz
2FJG_HL_r	1	1	1	1	seq/2FJG_HL_r.fasta	pssm/2FJG_HL_r.npy	dssp/2FJG_HL_r.npy	coords/2FJG_HL_r.npz
2FJU_A_l	1	1	1	1	seq/2FJU_A_l.fasta	pssm/2FJU_A_l.npy	dssp/2FJU_A_l.npy	coords/2FJU_A_l.npz
2FJU_X_r	1	1	1	1	seq/2FJU_X_r.fasta	pssm/2FJU_X_r.npy	dssp/2FJU_X_r.npy	coords/2FJU_X_r.npz
2G77_A_l	1	1	1	1	seq/2G77_A_l.fasta	pssm/2G77_A_l.npy	dssp/2G77_A_l.npy	coords/2G77_A_l.npz
2G77_A_r	1	1	1	1	seq/2G77_A_r.fasta	pssm/2G77_A_r.npy	dssp/2G77_A_r.npy	coords/2G77_A_r.npz
2GAF_A_l	1	1	1	1	seq/2GAF_A_l.fasta	pssm/2GAF_A_l.npy	dssp/2GAF_A_l.npy	coords/2GAF_A_l.npz
2GAF_A_r	1	1	1	1	seq/2GAF_A_r.fasta	pssm/2GAF_A_r.npy	dssp/2GAF_A_r.npy	coords/2GAF_A_r.npz
2GTP_A_l	1	1	1	1	seq/2GTP_A_l.fasta	pssm/2GTP_A_l.npy	dssp/2GTP_A_l.npy	coords/2GTP_A_l.npz
2GTP_A_r	1	1	1	1	seq/2GTP_A_r.fasta	pssm/2GTP_A_r.npy	dssp/2GTP_A_r.npy	coords/2GTP_A_r.npz
2H7V_A_l	1	1	1	1	seq/2H7V_A_l.fasta	pssm/2H7V_A_l.npy	dssp/2H7V_A_l.npy	coords/2H7V_A_l.npz
2H7V_A_r	1	1	1	1	seq/2H7V_A_r.fasta	pssm/2H7V_A_r.npy	dssp/2H7V_A_r.npy	coords/2H7V_A_r.npz
2HLE_A_r	1	1	1	1	seq/2HLE_A_r.fasta	pssm/2HLE_A_r.npy	dssp/2HLE_A_r.npy	coords/2HLE_A_r.npz
2HLE_P_l	1	1	1	1	seq/2HLE_P_l.fasta	pssm/2HLE_P_l.npy	dssp/2HLE_P_l.npy	coords/2HLE_P_l.npz
2HMI_AB_r	1	1	1	1	seq/2HMI_AB_r.fasta	pssm/2HMI_AB_r.npy	dssp/2HMI_AB_r.npy	coords/2HMI_AB_r.npz
2HMI_CD_l	1	1	1	1	seq/2HMI_CD_l.fasta	pssm/2HMI_CD_l.npy	dssp/2HMI_CD_l.npy	coords/2HMI_CD_l.npz
2HQS_A_l	1	1	1	1	seq/2HQS_A_l.fasta	pssm/2HQS_A_l.npy	dssp/2HQS_A_l.npy	coords/2HQS_A_l.npz
2HQS_A_r	1	1	1	1	seq/2HQS_A_r.fasta	pssm/2HQS_A_r.npy	dssp/2HQS_A_r.npy	coords/2HQS_A_r.npz
2HRK_A_l	1	1	1	1	seq/2HRK_A_l.fasta	pssm/2HRK_A_l.npy	dssp/2HRK_A_l.npy	coords/2HRK_A_l.npz
2HRK_A_r	1	1	1	1	seq/2HRK_A_r.fasta	pssm/2HRK_A_r.npy	dssp/2HRK_A_r.npy	coords/2HRK_A_r.npz
2I25_A_l	1	1	1	1	seq/2I25_A_l.fasta	pssm/2I25_A_l.npy	dssp/2I25_A_l.npy	coords/2I25_A_l.npz
2I25_N_r	1	1	1	1	seq/2I25_N_r.fasta	pssm/2I25_N_r.npy	dssp/2I25_N_r.npy	coords/2I25_N_r.npz
2I9B_A_l	1	1	1	1	seq/2I9B_A_l.fasta	pssm/2I9B_A_l.npy	dssp/2I9B_A_l.npy	coords/2I9B_A_l.npz
2I9B_A_r	1	1	1	1	seq/2I9B_A_r.fasta	pssm/2I9B_A_r.npy	dssp/2I9B_A_r.npy	coords/2I9B_A_r.npz
2IDO_A_l	1	1	1	1	seq/2IDO_A_l.fasta	pssm/2IDO_A_l.npy	dssp/2IDO_A_l.npy	coords/2IDO_A_l.npz
2IDO_A_r	1	1	1	1	seq/2IDO_A_r.fasta	pssm/2IDO_A_r.npy	dssp/2IDO_A_r.npy	coords/2IDO_A_r.npz
2J0T_A_l	1	1	1	1	seq/2J0T_A_l.fasta	pssm/2J0T_A_l.npy	dssp/2J0T_A_l.npy	coords/2J0T_A_l.npz
2J0T_A_r	1	1	1	1	seq/2J0T_A_r.fasta	pssm/2J0T_A_r.npy	dssp/2J0T_A_r.npy	coords/2J0T_A_r.npz
2J7P_A_r	1	1	1	1	seq/2J7P_A_r.fasta	pssm/2J7P_A_r.npy	dssp/2J7P_A_r.npy	coords/2J7P_A_r.npz
2J7P_D_l	1	1	1	1	seq/2J7P_D_l.fasta	pssm/2J7P_D_l.npy	dssp/2J7P_D_l.npy	coords/2J7P_D_l.npz
2JEL_A_l	1	1	1	1	seq/2JEL_A_l.fasta	pssm/2JEL_A_l.npy	dssp/2JEL_A_l.npy	coords/2JEL_A_l.npz
2JEL_LH_r	1	1	1	1	seq/2JEL_LH_r.fasta	pssm/2JEL_LH_r.npy	dssp/2JEL_LH_r.npy	coords/2JEL_LH_r.npz
2MTA_A_l	1	1	1	1	seq/2MTA_A_l.fasta	pssm/2MTA_A_l.npy	dssp/2MTA_A_l.npy	coords/2MTA_A_l.npz
2MTA_MJ_r	1	1	1	1	seq/2MTA_MJ_r.fasta	pssm/2MTA_MJ_r.npy	dssp/2MTA_MJ_r.npy	coords/2MTA_MJ_r.npz
2NZ8_A_l	1	1	1	1	seq/2NZ8_A_l.fasta	pssm/2NZ8_A_l.npy	dssp/2NZ8_A_l.npy	coords/2NZ8_A_l.npz
2NZ8_A_r	1	1	1	1	seq/2NZ8_A_r.fasta	pssm/2NZ8_A_r.npy	dssp/2NZ8_A_r.npy	coords/2NZ8_A_r.npz
2O3B_A_l	1	1	1	1	seq/2O3B_A_l.fasta	pssm/2O3B_A_l.npy	dssp/2O3B_A_l.npy	coords/2O3B_A_l.npz
2O3B_A_r	1	1	1	1	seq/2O3B_A_r.fasta	pssm/2O3B_A_r.npy	dssp/2O3B_A_r.npy	coords/2O3B_A_r.npz
2O8V_A_l	1	1	1	1	seq/2O8V_A_l.fasta	pssm/2O8V_A_l.npy	dssp/2O8V_A_l.npy	coords/2O8V_A_l.npz
2O8V_A_r	1	1	1	1	seq/2O8V_A_r.fasta	pssm/2O8V_A_r.npy	dssp/2O8V_A_r.npy	coords/2O8V_A_r.npz
2OOB_A_l	1	1	1	1	seq/2OOB_A_l.fasta	pssm/2OOB_A_l.npy	dssp/2OOB_A_l.npy	coords/2OOB_A_l.npz
2OOB_A_r	1	1	1	1	seq/2OOB_A_r.fasta	pssm/2OOB_A_r.npy	dssp/2OOB_A_r.npy	coords/2OOB_A_r.npz
2OOR_AB_r	1	1	1	1	seq/2OOR_AB_r.fasta	pssm/2OOR_AB_r.npy	dssp/2OOR_AB_r.npy	coords/2OOR_AB_r.npz
2OOR_A_l	1	1	1	1	seq/2OOR_A_l.fasta	pssm/2OOR_A_l.npy	dssp/2OOR_A_l.npy	coords/2OOR_A_l.npz
2OT3_A_l	1	1	1	1	seq/2OT3_A_l.fasta	pssm/2OT3_A_l.npy	dssp/2OT3_A_l.npy	coords/2OT3_A_l.npz
2OT3_A_r	1	1	1	1	seq/2OT3_A_r.fasta	pssm/2OT3_A_r.npy	dssp/2OT3_A_r.npy	coords/2OT3_A_r.npz
2OUL_A_l	1	1	1	1	seq/2OUL_A_l.fasta	pssm/2OUL_A_l.npy	dssp/2OUL_A_l.npy	coords/2OUL_A_l.npz
2OUL_A_r	1	1	1	1	seq/2OUL_A_r.fasta	pssm/2OUL_A_r.npy	dssp/2OUL_A_r.npy	coords/2OUL_A_r.npz
2OZA_A_r	1	1	1	1	seq/2OZA_A_r.fasta	pssm/2OZA_A_r.npy	dssp/2OZA_A_r.npy	coords/2OZA_A_r.npz
2OZA_X_l	1	1	1	1	seq/2OZA_X_l.fasta	pssm/2OZA_X_l.npy	dssp/2OZA_X_l.npy	coords/2OZA_X_l.npz
2PCC_A_l	1	1	1	1	seq/2PCC_A_l.fasta	pssm/2PCC_A_l.npy	dssp/2PCC_A_l.npy	coords/2PCC_A_l.npz
2PCC_A_r	1	1	1	1	seq/2PCC_A_r.fasta	pssm/2PCC_A_r.npy	dssp/2PCC_A_r.npy	coords/2PCC_A_r.npz
2SIC_A_l	1	1	1	1	seq/2SIC_A_l.fasta	pssm/2SIC_A_l.npy	dssp/2SIC_A_l.npy	coords/2SIC_A_l.npz
2SIC_A_r	1	1	1	1	seq/2SIC_A_r.fasta	pssm/2SIC_A_r.npy	dssp/2SIC_A_r.npy	coords/2SIC_A_r.npz
2SNI_A_r	1	1	1	1	seq/2SNI_A_r.fasta	pssm/2SNI_A_r.npy	dssp/2SNI_A_r.npy	coords/2SNI_A_r.npz
2SNI_I_l	1	1	1	1	seq/2SNI_I_l.fasta	pssm/2SNI_I_l.npy	dssp/2SNI_I_l.npy	coords/2SNI_I_l.npz
2UUY_A_l	1	1	1	1	seq/2UUY_A_l.fasta	pssm/2UUY_A_l.npy	dssp/2UUY_A_l.npy	coords/2UUY_A_l.npz
2UUY_A_r	1	1	1	1	seq/2UUY_A_r.fasta	pssm/2UUY_A_r.npy	dssp/2UUY_A_r.npy	coords/2UUY_A_r.npz
2VDB_A_l	1	1	1	1	seq/2VDB_A_l.fasta	pssm/2VDB_A_l.npy	dssp/2VDB_A_l.npy	coords/2VDB_A_l.npz
2VDB_A_r	1	1	1	1	seq/2VDB_A_r.fasta	pssm/2VDB_A_r.npy	dssp/2VDB_A_r.npy	coords/2VDB_A_r.npz
2VIS_A_l	1	1	1	1	seq/2VIS_A_l.fasta	pssm/2VIS_A_l.npy	dssp/2VIS_A_l.npy	coords/2VIS_A_l.npz
2VIS_LH_r	1	1	1	1	seq/2VIS_LH_r.fasta	pssm/2VIS_LH_r.npy	dssp/2VIS_LH_r.npy	coords/2VIS_LH_r.npz
2VXT_A_l	1	1	1	1	seq/2VXT_A_l.fasta	pssm/2VXT_A_l.npy	dssp/2VXT_A_l.npy	coords/2VXT_A_l.npz
2VXT_HL_r	1	1	1	1	seq/2VXT_HL_r.fasta	pssm/2VXT_HL_r.npy	dssp/2VXT_HL_r.npy	coords/2VXT_HL_r.npz
2W9E_A_l	1	1	1	1	seq/2W9E_A_l.fasta	pssm/2W9E_A_l.npy	dssp/2W9E_A_l.npy	coords/2W9E_A_l.npz
2W9E_HL_r	1	1	1	1	seq/2W9E_HL_r.fasta	pssm/2W9E_HL_r.npy	dssp/2W9E_HL_r.npy	coords/2W9E_HL_r.npz
2X9A_A_l	1	1	1	1	seq/2X9A_A_l.fasta	pssm/2X9A_A_l.npy	dssp/2X9A_A_l.npy	coords/2X9A_A_l.npz
2X9A_A_r	1	1	1	1	seq/2X9A_A_r.fasta	pssm/2X9A_A_r.npy	dssp/2X9A_A_r.npy	coords/2X9A_A_r.npz
2YVJ_A_l	1	1	1	1	seq/2YVJ_A_l.fasta	pssm/2YVJ_A_l.npy	dssp/2YVJ_A_l.npy	coords/2YVJ_A_l.npz
2YVJ_A_r	1	1	1	1	seq/2YVJ_A_r.fasta	pssm/2YVJ_A_r.npy	dssp/2YVJ_A_r.npy	coords/2YVJ_A_r.npz
2Z0E_A_l	1	1	1	1	seq/2Z0E_A_l.fasta	pssm/2Z0E_A_l.npy	dssp/2Z0E_A_l.npy	coords/2Z0E_A_l.npz
2Z0E_A_r	1	1	1	1	seq/2Z0E_A_r.fasta	pssm/2Z0E_A_r.npy	dssp/2Z0E_A_r.npy	coords/2Z0E_A_r.npz
3A4S_A_l	1	1	1	1	seq/3A4S_A_l.fasta	pssm/3A4S_A_l.npy	dssp/3A4S_A_l.npy	coords/3A4S_A_l.npz
3A4S_A_r	1	1	1	1	seq/3A4S_A_r.fasta	pssm/3A4S_A_r.npy	dssp/3A4S_A_r.npy	coords/3A4S_A_r.npz
3AAA_AB_r	1	1	1	1	seq/3AAA_AB_r.fasta	pssm/3AAA_AB_r.npy	dssp/3AAA_AB_r.npy	coords/3AAA_AB_r.npz
3AAA_A_l	1	1	1	1	seq/3AAA_A_l.fasta	pssm/3AAA_A_l.npy	dssp/3AAA_A_l.npy	coords/3AAA_A_l.npz
3AAD_A_l	1	1	1	1	seq/3AAD_A_l.fasta	pssm/3AAD_A_l.npy	dssp/3AAD_A_l.npy	coords/3AAD_A_l.npz
3AAD_A_r	1	1	1	1	seq/3AAD_A_r.fasta	pssm/3AAD_A_r.npy	dssp/3AAD_A_r.npy	coords/3AAD_A_r.npz
3BIW_A_l	1	1	1	1	seq/3BIW_A_l.fasta	pssm/3BIW_A_l.npy	dssp/3BIW_A_l.npy	coords/3BIW_A_l.npz
3BIW_A_r	1	1	1	1	seq/3BIW_A_r.fasta	pssm/3BIW_A_r.npy	dssp/3BIW_A_r.npy	coords/3BIW_A_r.npz
3BP8_AB_r	1	1	1	1	seq/3BP8_AB_r.fasta	pssm/3BP8_AB_r.npy	dssp/3BP8_AB_r.npy	coords/3BP8_AB_r.npz
3BP8_A_l	1	1	1	1	seq/3BP8_A_l.fasta	pssm/3BP8_A_l.npy	dssp/3BP8_A_l.npy	coords/3BP8_A_l.npz
3BX7_A_l	1	1	1	1	seq/3BX7_A_l.fasta	pssm/3BX7_A_l.npy	dssp/3BX7_A_l.npy	coords/3BX7_A_l.npz
3BX7_A_r	1	1	1	1	seq/3BX7_A_r.fasta	pssm/3BX7_A_r.npy	dssp/3BX7_A_r.npy	coords/3BX7_A_r.npz
3CPH_C_l	1	1	1	1	seq/3CPH_C_l.fasta	pssm/3CPH_C_l.npy	dssp/3CPH_C_l.npy	coords/3CPH_C_l.npz
3CPH_G_r	1	1	1	1	seq/3CPH_G_r.fasta	pssm/3CPH_G_r.npy	dssp/3CPH_G_r.npy	coords/3CPH_G_r.npz
3D5S_A_l	1	1	1	1	seq/3D5S_A_l.fasta	pssm/3D5S_A_l.npy	dssp/3D5S_A_l.npy	coords/3D5S_A_l.npz
3D5S_A_r	1	1	1	1	seq/3D5S_A_r.fasta	pssm/3D5S_A_r.npy	dssp/3D5S_A_r.npy	coords/3D5S_A_r.npz
3DAW_A_l	1	1	1	1	seq/3DAW_A_l.fasta	pssm/3DAW_A_l.npy	dssp/3DAW_A_l.npy	coords/3DAW_A_l.npz
3DAW_A_r	1	1	1	1	seq/3DAW_A_r.fasta	pssm/3DAW_A_r.npy	dssp/3DAW_A_r.npy	coords/3DAW_A_r.npz
3EO1_AB_l	1	1	1	1	seq/3EO1_AB_l.fasta	pssm/3EO1_AB_l.npy	dssp/3EO1_AB_l.npy	coords/3EO1_AB_l.npz
3EO1_AB_r	1	1	1	1	seq/3EO1_AB_r.fasta	pssm/3EO1_AB_r.npy	dssp/3EO1_AB_r.npy	coords/3EO1_AB_r.npz
3EOA_A_l	1	1	1	1	seq/3EOA_A_l.fasta	pssm/3EOA_A_l.npy	dssp/3EOA_A_l.npy	coords/3EOA_A_l.npz
3EOA_LH_r	1	1	1	1	seq/3EOA_LH_r.fasta	pssm/3EOA_LH_r.npy	dssp/3EOA_LH_r.npy	coords/3EOA_LH_r.npz
3F1P_A_l	1	1	1	1	seq/3F1P_A_l.fasta	pssm/3F1P_A_l.npy	dssp/3F1P_A_l.npy	coords/3F1P_A_l.npz
3F1P_A_r	1	1	1	1	seq/3F1P_A_r.fasta	pssm/3F1P_A_r.npy	dssp/3F1P_A_r.npy	coords/3F1P_A_r.npz
3FN1_A_l	1	1	1	1	seq/3FN1_A_l.fasta	pssm/3FN1_A_l.npy	dssp/3FN1_A_l.npy	coords/3FN1_A_l.npz
3FN1_A_r	1	1	1	1	seq/3FN1_A_r.fasta	pssm/3FN1_A_r.npy	dssp/3FN1_A_r.npy	coords/3FN1_A_r.npz
3G6D_A_l	1	1	1	1	seq/3G6D_A_l.fasta	pssm/3G6D_A_l.npy	dssp/3G6D_A_l.npy	coords/3G6D_A_l.npz
3G6D_LH_r	1	1	1	1	seq/3G6D_LH_r.fasta	pssm/3G6D_LH_r.npy	dssp/3G6D_LH_r.npy	coords/3G6D_LH_r.npz
3H11_A_l	1	1	1	1	seq/3H11_A_l.fasta	pssm/3H11_A_l.npy	dssp/3H11_A_l.npy	coords/3H11_A_l.npz
3H11_A_r	1	1	1	1	seq/3H11_A_r.fasta	pssm/3H11_A_r.npy	dssp/3H11_A_r.npy	coords/3H11_A_r.npz
3H2V_A_l	1	1	1	1	seq/3H2V_A_l.fasta	pssm/3H2V_A_l.npy	dssp/3H2V_A_l.npy	coords/3H2V_A_l.npz
3H2V_A_r	1	1	1	1	seq/3H2V_A_r.fasta	pssm/3H2V_A_r.npy	dssp/3H2V_A_r.npy	coords/3H2V_A_r.npz
3HI6_A_l	1	1	1	1	seq/3HI6_A_l.fasta	pssm/3HI6_A_l.npy	dssp/3HI6_A_l.npy	coords/3HI6_A_l.npz
3HI6_HL_r	1	1	1	1	seq/3HI6_HL_r.fasta	pssm/3HI6_HL_r.npy	dssp/3HI6_HL_r.npy	coords/3HI6_HL_r.npz
3HMX_AB_l	1	1	1	1	seq/3HMX_AB_l.fasta	pssm/3HMX_AB_l.npy	dssp/3HMX_AB_l.npy	coords/3HMX_AB_l.npz
3HMX_LH_r	1	1	1	1	seq/3HMX_LH_r.fasta	pssm/3HMX_LH_r.npy	dssp/3HMX_LH_r.npy	coords/3HMX_LH_r.npz
3K75_A_l	1	1	1	1	seq/3K75_A_l.fasta	pssm/3K75_A_l.npy	dssp/3K75_A_l.npy	coords/3K75_A_l.npz
3K75_A_r	1	1	1	1	seq/3K75_A_r.fasta	pssm/3K75_A_r.npy	dssp/3K75_A_r.npy	coords/3K75_A_r.npz
3L5W_A_l	1	1	1	1	seq/3L5W_A_l.fasta	pssm/3L5W_A_l.npy	dssp/3L5W_A_l.npy	coords/3L5W_A_l.npz
3L5W_LH_r	1	1	1	1	seq/3L5W_LH_r.fasta	pssm/3L5W_LH_r.npy	dssp/3L5W_LH_r.npy	coords/3L5W_LH_r.npz
3L89_ABC_r	1	1	1	1	seq/3L89_ABC_r.fasta	pssm/3L89_ABC_r.npy	dssp/3L89_ABC_r.npy	coords/3L89_ABC_r.npz
3L89_A_l	1	1	1	1	seq/3L89_A_l.fasta	pssm/3L89_A_l.npy	dssp/3L89_A_l.npy	coords/3L89_A_l.npz
3LVK_AB_r	1	1	1	1	seq/3LVK_AB_r.fasta	pssm/3LVK_AB_r.npy	dssp/3LVK_AB_r.npy	coords/3LVK_AB_r.npz
3LVK_A_l	1	1	1	1	seq/3LVK_A_l.fasta	pssm/3LVK_A_l.npy	dssp/3LVK_A_l.npy	coords/3LVK_A_l.npz
3MJ9_A_l	1	1	1	1	seq/3MJ9_A_l.fasta	pssm/3MJ9_A_l.npy	dssp/3MJ9_A_l.npy	coords/3MJ9_A_l.npz
3MJ9_HL_r	1	1	1	1	seq/3MJ9_HL_r.fasta	pssm/3MJ9_HL_r.npy	dssp/3MJ9_HL_r.npy	coords/3MJ9_HL_r.npz
3MXW_A_l	1	1	1	1	seq/3MXW_A_l.fasta	pssm/3MXW_A_l.npy	dssp/3MXW_A_l.npy	coords/3MXW_A_l.npz
3MXW_LH_r	1	1	1	1	seq/3MXW_LH_r.fasta	pssm/3MXW_LH_r.npy	dssp/3MXW_LH_r.npy	coords/3MXW_LH_r.npz
3P57_AB_r	1	1	1	1	seq/3P57_AB_r.fasta	pssm/3P57_AB_r.npy	dssp/3P57_AB_r.npy	coords/3P57_AB_r.npz
3P57_A_l	1	1	1	1	seq/3P57_A_l.fasta	pssm/3P57_A_l.npy	dssp/3P57_A_l.npy	coords/3P57_A_l.npz
3PC8_A_l	1	1	1	1	seq/3PC8_A_l.fasta	pssm/3PC8_A_l.npy	dssp/3PC8_A_l.npy	coords/3PC8_A_l.npz
3PC8_A_r	1	1	1	1	seq/3PC8_A_r.fasta	pssm/3PC8_A_r.npy	dssp/3PC8_A_r.npy	coords/3PC8_A_r.npz
3R9A_AB_r	1	1	1	1	seq/3R9A_AB_r.fasta	pssm/3R9A_AB_r.npy	dssp/3R9A_AB_r.npy	coords/3R9A_AB_r.npz
3R9A_A_l	1	1	1	1	seq/3R9A_A_l.fasta	pssm/3R9A_A_l.npy	dssp/3R9A_A_l.npy	coords/3R9A_A_l.npz
3RJQ_A_l	1	1	1	1	seq/3RJQ_A_l.fasta	pssm/3RJQ_A_l.npy	dssp/3RJQ_A_l.npy	coords/3RJQ_A_l.npz
3RJQ_A_r	1	1	1	1	seq/3RJQ_A_r.fasta	pssm/3RJQ_A_r.npy	dssp/3RJQ_A_r.npy	coords/3RJQ_A_r.npz
3RVW_A_l	1	1	1	1	seq/3RVW_A_l.fasta	pssm/3RVW_A_l.npy	dssp/3RVW_A_l.npy	coords/3RVW_A_l.npz
3RVW_CD_r	1	1	1	1	seq/3RVW_CD_r.fasta	pssm/3RVW_CD_r.npy	dssp/3RVW_CD_r.npy	coords/3RVW_CD_r.npz
3S9D_A_l	1	1	1	1	seq/3S9D_A_l.fasta	pssm/3S9D_A_l.npy	dssp/3S9D_A_l.npy	coords/3S9D_A_l.npz
3S9D_A_r	1	1	1	1	seq/3S9D_A_r.fasta	pssm/3S9D_A_r.npy	dssp/3S9D_A_r.npy	coords/3S9D_A_r.npz
3SE8_A_l	1	1	1	1	seq/3SE8_A_l.fasta	pssm/3SE8_A_l.npy	dssp/3SE8_A_l.npy	coords/3SE8_A_l.npz
3SE8_HL_r	1	1	1	1	seq/3SE8_HL_r.fasta	pssm/3SE8_HL_r.npy	dssp/3SE8_HL_r.npy	coords/3SE8_HL_r.npz
3SGQ_A_l	1	1	1	1	seq/3SGQ_A_l.fasta	pssm/3SGQ_A_l.npy	dssp/3SGQ_A_l.npy	coords/3SGQ_A_l.npz
3SGQ_E_r	1	1	1	1	seq/3SGQ_E_r.fasta	pssm/3SGQ_E_r.npy	dssp/3SGQ_E_r.npy	coords/3SGQ_E_r.npz
3SZK_AB_r	1	1	1	1	seq/3SZK_AB_r.fasta	pssm/3SZK_AB_r.npy	dssp/3SZK_AB_r.npy	coords/3SZK_AB_r.npz
3SZK_A_l	1	1	1	1	seq/3SZK_A_l.fasta	pssm/3SZK_A_l.npy	dssp/3SZK_A_l.npy	coords/3SZK_A_l.npz
3U7Y_A_l	1	1	1	1	seq/3U7Y_A_l.fasta	pssm/3U7Y_A_l.npy	dssp/3U7Y_A_l.npy	coords/3U7Y_A_l.npz
3U7Y_HL_r	1	1	1	1	seq/3U7Y_HL_r.fasta	pssm/3U7Y_HL_r.npy	dssp/3U7Y_HL_r.npy	coords/3U7Y_HL_r.npz
3V6Z_AB_r	1	1	1	1	seq/3V6Z_AB_r.fasta	pssm/3V6Z_AB_r.npy	dssp/3V6Z_AB_r.npy	coords/3V6Z_AB_r.npz
3V6Z_F_l	1	1	1	1	seq/3V6Z_F_l.fasta	pssm/3V6Z_F_l.npy	dssp/3V6Z_F_l.npy	coords/3V6Z_F_l.npz
3VLB_A_l	1	1	1	1	seq/3VLB_A_l.fasta	pssm/3VLB_A_l.npy	dssp/3VLB_A_l.npy	coords/3VLB_A_l.npz
3VLB_A_r	1	1	1	1	seq/3VLB_A_r.fasta	pssm/3VLB_A_r.npy	dssp/3VLB_A_r.npy	coords/3VLB_A_r.npz
3WD5_ABC_l	1	1	1	1	seq/3WD5_ABC_l.fasta	pssm/3WD5_ABC_l.npy	dssp/3WD5_ABC_l.npy	coords/3WD5_ABC_l.npz
3WD5_HL_r	1	1	1	1	seq/3WD5_HL_r.fasta	pssm/3WD5_HL_r.npy	dssp/3WD5_HL_r.npy	coords/3WD5_HL_r.npz
4CPA_A_l	1	1	1	1	seq/4CPA_A_l.fasta	pssm/4CPA_A_l.npy	dssp/4CPA_A_l.npy	coords/4CPA_A_l.npz
4CPA_A_r	1	1	1	1	seq/4CPA_A_r.fasta	pssm/4CPA_A_r.npy	dssp/4CPA_A_r.npy	coords/4CPA_A_r.npz
4DN4_A_l	1	1	1	1	seq/4DN4_A_l.fasta	pssm/4DN4_A_l.npy	dssp/4DN4_A_l.npy	coords/4DN4_A_l.npz
4DN4_LH_r	1	1	1	1	seq/4DN4_LH_r.fasta	pssm/4DN4_LH_r.npy	dssp/4DN4_LH_r.npy	coords/4DN4_LH_r.npz
4DW2_AB_r	1	1	1	1	seq/4DW2_AB_r.fasta	pssm/4DW2_AB_r.npy	dssp/4DW2_AB_r.npy	coords/4DW2_AB_r.npz
4DW2_U_l	1	1	1	1	seq/4DW2_U_l.fasta	pssm/4DW2_U_l.npy	dssp/4DW2_U_l.npy	coords/4DW2_U_l.npz
4ETQ_HL_r	1	1	1	1	seq/4ETQ_HL_r.fasta	pssm/4ETQ_HL_r.npy	dssp/4ETQ_HL_r.npy	coords/4ETQ_HL_r.npz
4ETQ_X_l	1	1	1	1	seq/4ETQ_X_l.fasta	pssm/4ETQ_X_l.npy	dssp/4ETQ_X_l.npy	coords/4ETQ_X_l.npz
4FP8_A_l	1	1	1	1	seq/4FP8_A_l.fasta	pssm/4FP8_A_l.npy	dssp/4FP8_A_l.npy	coords/4FP8_A_l.npz
4FP8_HL_r	1	1	1	1	seq/4FP8_HL_r.fasta	pssm/4FP8_HL_r.npy	dssp/4FP8_HL_r.npy	coords/4FP8_HL_r.npz
4FQI_ABCDEF_l	1	1	1	1	seq/4FQI_ABCDEF_l.fasta	pssm/4FQI_ABCDEF_l.npy	dssp/4FQI_ABCDEF_l.npy	coords/4FQI_ABCDEF_l.npz
4FQI_HL_r	1	1	1	1	seq/4FQI_HL_r.fasta	pssm/4FQI_HL_r.npy	dssp/4FQI_HL_r.npy	coords/4FQI_HL_r.npz
4FZA_A_l	1	1	1	1	seq/4FZA_A_l.fasta	pssm/4FZA_A_l.npy	dssp/4FZA_A_l.npy	coords/4FZA_A_l.npz
4FZA_A_r	1	1	1	1	seq/4FZA_A_r.fasta	pssm/4FZA_A_r.npy	dssp/4FZA_A_r.npy	coords/4FZA_A_r.npz
4G6J_A_l	1	1	1	1	seq/4G6J_A_l.fasta	pssm/4G6J_A_l.npy	dssp/4G6J_A_l.npy	coords/4G6J_A_l.npz
4G6J_HL_r	1	1	1	1	seq/4G6J_HL_r.fasta	pssm/4G6J_HL_r.npy	dssp/4G6J_HL_r.npy	coords/4G6J_HL_r.npz
4G6M_A_l	1	1	1	1	seq/4G6M_A_l.fasta	pssm/4G6M_A_l.npy	dssp/4G6M_A_l.npy	coords/4G6M_A_l.npz
4G6M_HL_r	1	1	1	1	seq/4G6M_HL_r.fasta	pssm/4G6M_HL_r.npy	dssp/4G6M_HL_r.npy	coords/4G6M_HL_r.npz
4GAM_ABCDEF_r	1	1	1	1	seq/4GAM_ABCDEF_r.fasta	pssm/4GAM_ABCDEF_r.npy	dssp/4GAM_ABCDEF_r.npy	coords/4GAM_ABCDEF_r.npz
4GAM_A_l	1	1	1	1	seq/4GAM_A_l.fasta	pssm/4GAM_A_l.npy	dssp/4GAM_A_l.npy	coords/4GAM_A_l.npz
4GXU_HIJKLM_l	1	1	1	1	seq/4GXU_HIJKLM_l.fasta	pssm/4GXU_HIJKLM_l.npy	dssp/4GXU_HIJKLM_l.npy	coords/4GXU_HIJKLM_l.npz
4GXU_HL_r	1	1	1	1	seq/4GXU_HL_r.fasta	pssm/4GXU_HL_r.npy	dssp/4GXU_HL_r.npy	coords/4GXU_HL_r.npz
4H03_A_l	1	1	1	1	seq/4H03_A_l.fasta	pssm/4H03_A_l.npy	dssp/4H03_A_l.npy	coords/4H03_A_l.npz
4H03_A_r	1	1	1	1	seq/4H03_A_r.fasta	pssm/4H03_A_r.npy	dssp/4H03_A_r.npy	coords/4H03_A_r.npz
4HX3_AB_r	1	1	1	1	seq/4HX3_AB_r.fasta	pssm/4HX3_AB_r.npy	dssp/4HX3_AB_r.npy	coords/4HX3_AB_r.npz
4HX3_A_l	1	1	1	1	seq/4HX3_A_l.fasta	pssm/4HX3_A_l.npy	dssp/4HX3_A_l.npy	coords/4HX3_A_l.npz
4IZ7_A_l	1	1	1	1	seq/4IZ7_A_l.fasta	pssm/4IZ7_A_l.npy	dssp/4IZ7_A_l.npy	coords/4IZ7_A_l.npz
4IZ7_A_r	1	1	1	1	seq/4IZ7_A_r.fasta	pssm/4IZ7_A_r.npy	dssp/4IZ7_A_r.npy	coords/4IZ7_A_r.npz
4JCV_ABCD_r	1	1	1	1	seq/4JCV_ABCD_r.fasta	pssm/4JCV_ABCD_r.npy	dssp/4JCV_ABCD_r.npy	coords/4JCV_ABCD_r.npz
4JCV_A_l	1	1	1	1	seq/4JCV_A_l.fasta	pssm/4JCV_A_l.npy	dssp/4JCV_A_l.npy	coords/4JCV_A_l.npz
4LW4_AB_r	1	1	1	1	seq/4LW4_AB_r.fasta	pssm/4LW4_AB_r.npy	dssp/4LW4_AB_r.npy	coords/4LW4_AB_r.npz
4LW4_A_l	1	1	1	1	seq/4LW4_A_l.fasta	pssm/4LW4_A_l.npy	dssp/4LW4_A_l.npy	coords/4LW4_A_l.npz
4M3K_A_l	1	1	1	1	seq/4M3K_A_l.fasta	pssm/4M3K_A_l.npy	dssp/4M3K_A_l.npy	coords/4M3K_A_l.npz
4M3K_A_r	1	1	1	1	seq/4M3K_A_r.fasta	pssm/4M3K_A_r.npy	dssp/4M3K_A_r.npy	coords/4M3K_A_r.npz
4M5Z_A_l	1	1	1	1	seq/4M5Z_A_l.fasta	pssm/4M5Z_A_l.npy	dssp/4M5Z_A_l.npy	coords/4M5Z_A_l.npz
4M5Z_HL_r	1	1	1	1	seq/4M5Z_HL_r.fasta	pssm/4M5Z_HL_r.npy	dssp/4M5Z_HL_r.npy	coords/4M5Z_HL_r.npz
4M76_A_l	1	1	1	1	seq/4M76_A_l.fasta	pssm/4M76_A_l.npy	dssp/4M76_A_l.npy	coords/4M76_A_l.npz
4M76_A_r	1	1	1	1	seq/4M76_A_r.fasta	pssm/4M76_A_r.npy	dssp/4M76_A_r.npy	coords/4M76_A_r.npz
4POU_A_l	1	1	1	1	seq/4POU_A_l.fasta	pssm/4POU_A_l.npy	dssp/4POU_A_l.npy	coords/4POU_A_l.npz
4POU_A_r	1	1	1	1	seq/4POU_A_r.fasta	pssm/4POU_A_r.npy	dssp/4POU_A_r.npy	coords/4POU_A_r.npz
4Y7M_A_l	1	1	1	1	seq/4Y7M_A_l.fasta	pssm/4Y7M_A_l.npy	dssp/4Y7M_A_l.npy	coords/4Y7M_A_l.npz
4Y7M_A_r	1	1	1	1	seq/4Y7M_A_r.fasta	pssm/4Y7M_A_r.npy	dssp/4Y7M_A_r.npy	coords/4Y7M_A_r.npz
5C7X_A_l	1	1	1	1	seq/5C7X_A_l.fasta	pssm/5C7X_A_l.npy	dssp/5C7X_A_l.npy	coords/5C7X_A_l.npz
5C7X_HL_r	1	1	1	1	seq/5C7X_HL_r.fasta	pssm/5C7X_HL_r.npy	dssp/5C7X_HL_r.npy	coords/5C7X_HL_r.npz
5CBA_A_l	1	1	1	1	seq/5CBA_A_l.fasta	pssm/5CBA_A_l.npy	dssp/5CBA_A_l.npy	coords/5CBA_A_l.npz
5CBA_HL_r	1	1	1	1	seq/5CBA_HL_r.fasta	pssm/5CBA_HL_r.npy	dssp/5CBA_HL_r.npy	coords/5CBA_HL_r.npz
5E5M_A_l	1	1	1	1	seq/5E5M_A_l.fasta	pssm/5E5M_A_l.npy	dssp/5E5M_A_l.npy	coords/5E5M_A_l.npz
5E5M_A_r	1	1	1	1	seq/5E5M_A_r.fasta	pssm/5E5M_A_r.npy	dssp/5E5M_A_r.npy	coords/5E5M_A_r.npz
5GRJ_A_l	1	1	1	1	seq/5GRJ_A_l.fasta	pssm/5GRJ_A_l.npy	dssp/5GRJ_A_l.npy	coords/5GRJ_A_l.npz
5GRJ_HL_r	1	1	1	1	seq/5GRJ_HL_r.fasta	pssm/5GRJ_HL_r.npy	dssp/5GRJ_HL_r.npy	coords/5GRJ_HL_r.npz
5HGG_A_l	1	1	1	1	seq/5HGG_A_l.fasta	pssm/5HGG_A_l.npy	dssp/5HGG_A_l.npy	coords/5HGG_A_l.npz
5HGG_A_r	1	1	1	1	seq/5HGG_A_r.fasta	pssm/5HGG_A_r.npy	dssp/5HGG_A_r.npy	coords/5HGG_A_r.npz
5HYS_AB_l	1	1	1	1	seq/5HYS_AB_l.fasta	pssm/5HYS_AB_l.npy	dssp/5HYS_AB_l.npy	coords/5HYS_AB_l.npz
5HYS_HL_r	1	1	1	1	seq/5HYS_HL_r.fasta	pssm/5HYS_HL_r.npy	dssp/5HYS_HL_r.npy	coords/5HYS_HL_r.npz
5JMO_A_l	1	1	1	1	seq/5JMO_A_l.fasta	pssm/5JMO_A_l.npy	dssp/5JMO_A_l.npy	coords/5JMO_A_l.npz
5JMO_A_r	1	1	1	1	seq/5JMO_A_r.fasta	pssm/5JMO_A_r.npy	dssp/5JMO_A_r.npy	coords/5JMO_A_r.npz
5KOV_AB_l	1	1	1	1	seq/5KOV_AB_l.fasta	pssm/5KOV_AB_l.npy	dssp/5KOV_AB_l.npy	coords/5KOV_AB_l.npz
5KOV_HL_r	1	1	1	1	seq/5KOV_HL_r.fasta	pssm/5KOV_HL_r.npy	dssp/5KOV_HL_r.npy	coords/5KOV_HL_r.npz
5O14_AB_r	1	1	1	1	seq/5O14_AB_r.fasta	pssm/5O14_AB_r.npy	dssp/5O14_AB_r.npy	coords/5O14_AB_r.npz
5O14_D_l	1	1	1	1	seq/5O14_D_l.fasta	pssm/5O14_D_l.npy	dssp/5O14_D_l.npy	coords/5O14_D_l.npz
5O1R_A_l	1	1	1	1	seq/5O1R_A_l.fasta	pssm/5O1R_A_l.npy	dssp/5O1R_A_l.npy	coords/5O1R_A_l.npz
5O1R_HL_r	1	1	1	1	seq/5O1R_HL_r.fasta	pssm/5O1R_HL_r.npy	dssp/5O1R_HL_r.npy	coords/5O1R_HL_r.npz
5SV3_A_l	1	1	1	1	seq/5SV3_A_l.fasta	pssm/5SV3_A_l.npy	dssp/5SV3_A_l.npy	coords/5SV3_A_l.npz
5SV3_A_r	1	1	1	1	seq/5SV3_A_r.fasta	pssm/5SV3_A_r.npy	dssp/5SV3_A_r.npy	coords/5SV3_A_r.npz
5VNW_A_l	1	1	1	1	seq/5VNW_A_l.fasta	pssm/5VNW_A_l.npy	dssp/5VNW_A_l.npy	coords/5VNW_A_l.npz
5VNW_A_r	1	1	1	1	seq/5VNW_A_r.fasta	pssm/5VNW_A_r.npy	dssp/5VNW_A_r.npy	coords/5VNW_A_r.npz
5WHK_AB_l	1	1	1	1	seq/5WHK_AB_l.fasta	pssm/5WHK_AB_l.npy	dssp/5WHK_AB_l.npy	coords/5WHK_AB_l.npz
5WHK_HL_r	1	1	1	1	seq/5WHK_HL_r.fasta	pssm/5WHK_HL_r.npy	dssp/5WHK_HL_r.npy	coords/5WHK_HL_r.npz
5WK3_A_l	1	1	1	1	seq/5WK3_A_l.fasta	pssm/5WK3_A_l.npy	dssp/5WK3_A_l.npy	coords/5WK3_A_l.npz
5WK3_HL_r	1	1	1	1	seq/5WK3_HL_r.fasta	pssm/5WK3_HL_r.npy	dssp/5WK3_HL_r.npy	coords/5WK3_HL_r.npz
5WUX_CBA_l	1	1	1	1	seq/5WUX_CBA_l.fasta	pssm/5WUX_CBA_l.npy	dssp/5WUX_CBA_l.npy	coords/5WUX_CBA_l.npz
5WUX_HL_r	1	1	1	1	seq/5WUX_HL_r.fasta	pssm/5WUX_HL_r.npy	dssp/5WUX_HL_r.npy	coords/5WUX_HL_r.npz
5X0T_AB_r	1	1	1	1	seq/5X0T_AB_r.fasta	pssm/5X0T_AB_r.npy	dssp/5X0T_AB_r.npy	coords/5X0T_AB_r.npz
5X0T_A_l	1	1	1	1	seq/5X0T_A_l.fasta	pssm/5X0T_A_l.npy	dssp/5X0T_A_l.npy	coords/5X0T_A_l.npz
5Y9J_ABC_l	1	1	1	1	seq/5Y9J_ABC_l.fasta	pssm/5Y9J_ABC_l.npy	dssp/5Y9J_ABC_l.npy	coords/5Y9J_ABC_l.npz
5Y9J_HL_r	1	1	1	1	seq/5Y9J_HL_r.fasta	pssm/5Y9J_HL_r.npy	dssp/5Y9J_HL_r.npy	coords/5Y9J_HL_r.npz
6A0Z_AB_r	1	1	1	1	seq/6A0Z_AB_r.fasta	pssm/6A0Z_AB_r.npy	dssp/6A0Z_AB_r.npy	coords/6A0Z_AB_r.npz
6A0Z_A_l	1	1	1	1	seq/6A0Z_A_l.fasta	pssm/6A0Z_A_l.npy	dssp/6A0Z_A_l.npy	coords/6A0Z_A_l.npz
6A77_A_l	1	1	1	1	seq/6A77_A_l.fasta	pssm/6A77_A_l.npy	dssp/6A77_A_l.npy	coords/6A77_A_l.npz
6A77_HL_r	1	1	1	1	seq/6A77_HL_r.fasta	pssm/6A77_HL_r.npy	dssp/6A77_HL_r.npy	coords/6A77_HL_r.npz
6AL0_AB_r	1	1	1	1	seq/6AL0_AB_r.fasta	pssm/6AL0_AB_r.npy	dssp/6AL0_AB_r.npy	coords/6AL0_AB_r.npz
6AL0_A_l	1	1	1	1	seq/6AL0_A_l.fasta	pssm/6AL0_A_l.npy	dssp/6AL0_A_l.npy	coords/6AL0_A_l.npz
6B0S_A_l	1	1	1	1	seq/6B0S_A_l.fasta	pssm/6B0S_A_l.npy	dssp/6B0S_A_l.npy	coords/6B0S_A_l.npz
6B0S_HL_r	1	1	1	1	seq/6B0S_HL_r.fasta	pssm/6B0S_HL_r.npy	dssp/6B0S_HL_r.npy	coords/6B0S_HL_r.npz
6BPC_AB_r	1	1	1	1	seq/6BPC_AB_r.fasta	pssm/6BPC_AB_r.npy	dssp/6BPC_AB_r.npy	coords/6BPC_AB_r.npz
6BPC_A_l	1	1	1	1	seq/6BPC_A_l.fasta	pssm/6BPC_A_l.npy	dssp/6BPC_A_l.npy	coords/6BPC_A_l.npz
6CWG_A_l	1	1	1	1	seq/6CWG_A_l.fasta	pssm/6CWG_A_l.npy	dssp/6CWG_A_l.npy	coords/6CWG_A_l.npz
6CWG_A_r	1	1	1	1	seq/6CWG_A_r.fasta	pssm/6CWG_A_r.npy	dssp/6CWG_A_r.npy	coords/6CWG_A_r.npz
6DBG_A_l	1	1	1	1	seq/6DBG_A_l.fasta	pssm/6DBG_A_l.npy	dssp/6DBG_A_l.npy	coords/6DBG_A_l.npz
6DBG_A_r	1	1	1	1	seq/6DBG_A_r.fasta	pssm/6DBG_A_r.npy	dssp/6DBG_A_r.npy	coords/6DBG_A_r.npz
6EY6_AB_l	1	1	1	1	seq/6EY6_AB_l.fasta	pssm/6EY6_AB_l.npy	dssp/6EY6_AB_l.npy	coords/6EY6_AB_l.npz
6EY6_A_r	1	1	1	1	seq/6EY6_A_r.fasta	pssm/6EY6_A_r.npy	dssp/6EY6_A_r.npy	coords/6EY6_A_r.npz
6OC3_A_l	1	1	1	1	seq/6OC3_A_l.fasta	pssm/6OC3_A_l.npy	dssp/6OC3_A_l.npy	coords/6OC3_A_l.npz
6OC3_HL_r	1	1	1	1	seq/6OC3_HL_r.fasta	pssm/6OC3_HL_r.npy	dssp/6OC3_HL_r.npy	coords/6OC3_HL_r.npz
7CEI_B_l	1	1	1	1	seq/7CEI_B_l.fasta	pssm/7CEI_B_l.npy	dssp/7CEI_B_l.npy	coords/7CEI_B_l.npz
7CEI_D_r	1	1	1	1	seq/7CEI_D_r.fasta	pssm/7CEI_D_r.npy	dssp/7CEI_D_r.npy	coords/7CEI_D_r.npz
9QFW_AB_l	1	1	1	1	seq/9QFW_AB_l.fasta	pssm/9QFW_AB_l.npy	dssp/9QFW_AB_l.npy	coords/9QFW_AB_l.npz
9QFW_HL_r	1	1	1	1	seq/9QFW_HL_r.fasta	pssm/9QFW_HL_r.npy	dssp/9QFW_HL_r.npy	coords/9QFW_HL_r.npz
BAAD_A_l	1	1	1	1	seq/BAAD_A_l.fasta	pssm/BAAD_A_l.npy	dssp/BAAD_A_l.npy	coords/BAAD_A_l.npz
BAAD_A_r	1	1	1	1	seq/BAAD_A_r.fasta	pssm/BAAD_A_r.npy	dssp/BAAD_A_r.npy	coords/BAAD_A_r.npz
BOYV_A_l	1	1	1	1	seq/BOYV_A_l.fasta	pssm/BOYV_A_l.npy	dssp/BOYV_A_l.npy	coords/BOYV_A_l.npz
BOYV_A_r	1	1	1	1	seq/BOYV_A_r.fasta	pssm/BOYV_A_r.npy	dssp/BOYV_A_r.npy	coords/BOYV_A_r.npz
BP57_AB_r	1	1	1	1	seq/BP57_AB_r.fasta	pssm/BP57_AB_r.npy	dssp/BP57_AB_r.npy	coords/BP57_AB_r.npz
BP57_A_l	1	1	1	1	seq/BP57_A_l.fasta	pssm/BP57_A_l.npy	dssp/BP57_A_l.npy	coords/BP57_A_l.npz
CP57_AB_r	1	1	1	1	seq/CP57_AB_r.fasta	pssm/CP57_AB_r.npy	dssp/CP57_AB_r.npy	coords/CP57_AB_r.npz
CP57_A_l	1	1	1	1	seq/CP57_A_l.fasta	pssm/CP57_A_l.npy	dssp/CP57_A_l.npy	coords/CP57_A_l.npz
