pair_id	protein_A	protein_B	label	data_source	evidence_type	label_scope	complex_id_A	complex_id_B	length_A	length_B
PP_POS__1A2K_A_l__1A2K_AB_r	1A2K_AB_r	1A2K_A_l	1	pp_prepared	same_complex_structure_positive	structural_positive	1A2K	1A2K	246	202
PP_POS__1AHW_A_l__1AHW_LH_r	1AHW_A_l	1AHW_LH_r	1	pp_prepared	same_complex_structure_positive	structural_positive	1AHW	1AHW	202	428
PP_POS__1AK4_A_l__1AK4_A_r	1AK4_A_l	1AK4_A_r	1	pp_prepared	same_complex_structure_positive	structural_positive	1AK4	1AK4	146	164
PP_POS__1AKJ_AB_l__1AKJ_DE_r	1AKJ_AB_l	1AKJ_DE_r	1	pp_prepared	same_complex_structure_positive	structural_positive	1AKJ	1AKJ	228	375
PP_POS__1AY7_B_l__1AY7_B_r	1AY7_B_l	1AY7_B_r	1	pp_prepared	same_complex_structure_positive	structural_positive	1AY7	1AY7	89	96
PP_POS__1AZS_A_l__1AZS_AB_r	1AZS_AB_r	1AZS_A_l	1	pp_prepared	same_complex_structure_positive	structural_positive	1AZS	1AZS	353	335
PP_POS__1BGX_A_l__1BGX_LH_r	1BGX_A_l	1BGX_LH_r	1	pp_prepared	same_complex_structure_positive	structural_positive	1BGX	1BGX	807	423
PP_POS__1BJ1_GH_l__1BJ1_LH_r	1BJ1_GH_l	1BJ1_LH_r	1	pp_prepared	same_complex_structure_positive	structural_positive	1BJ1	1BJ1	189	431
PP_POS__1BUH_A_l__1BUH_A_r	1BUH_A_l	1BUH_A_r	1	pp_prepared	same_complex_structure_positive	structural_positive	1BUH	1BUH	76	294
PP_POS__1BVN_A_l__1BVN_A_r	1BVN_A_l	1BVN_A_r	1	pp_prepared	same_complex_structure_positive	structural_positive	1BVN	1BVN	74	495
PP_POS__1CLV_A_l__1CLV_A_r	1CLV_A_l	1CLV_A_r	1	pp_prepared	same_complex_structure_positive	structural_positive	1CLV	1CLV	32	470
PP_POS__1D6R_A_l__1D6R_A_r	1D6R_A_l	1D6R_A_r	1	pp_prepared	same_complex_structure_positive	structural_positive	1D6R	1D6R	58	223
PP_POS__1DFJ_A_l__1DFJ_B_r	1DFJ_A_l	1DFJ_B_r	1	pp_prepared	same_complex_structure_positive	structural_positive	1DFJ	1DFJ	456	124
PP_POS__1DQJ_A_l__1DQJ_CD_r	1DQJ_A_l	1DQJ_CD_r	1	pp_prepared	same_complex_structure_positive	structural_positive	1DQJ	1DQJ	129	424
PP_POS__1E4K_A_l__1E4K_AB_r	1E4K_AB_r	1E4K_A_l	1	pp_prepared	same_complex_structure_positive	structural_positive	1E4K	1E4K	419	173
PP_POS__1E6J_A_l__1E6J_LH_r	1E6J_A_l	1E6J_LH_r	1	pp_prepared	same_complex_structure_positive	structural_positive	1E6J	1E6J	72	429
PP_POS__1E96_A_l__1E96_A_r	1E96_A_l	1E96_A_r	1	pp_prepared	same_complex_structure_positive	structural_positive	1E96	1E96	192	183
PP_POS__1EAW_A_l__1EAW_A_r	1EAW_A_l	1EAW_A_r	1	pp_prepared	same_complex_structure_positive	structural_positive	1EAW	1EAW	58	241
PP_POS__1EER_AB_l__1EER_A_r	1EER_AB_l	1EER_A_r	1	pp_prepared	same_complex_structure_positive	structural_positive	1EER	1EER	414	166
PP_POS__1EFN_A_l__1EFN_A_r	1EFN_A_l	1EFN_A_r	1	pp_prepared	same_complex_structure_positive	structural_positive	1EFN	1EFN	57	99
PP_POS__1EXB_ABCD_l__1EXB_ABCD_r	1EXB_ABCD_l	1EXB_ABCD_r	1	pp_prepared	same_complex_structure_positive	structural_positive	1EXB	1EXB	396	1300
PP_POS__1EZU_AB_l__1EZU_A_r	1EZU_AB_l	1EZU_A_r	1	pp_prepared	same_complex_structure_positive	structural_positive	1EZU	1EZU	284	223
PP_POS__1F51_C_l__1F51_AB_r	1F51_AB_r	1F51_C_l	1	pp_prepared	same_complex_structure_positive	structural_positive	1F51	1F51	343	121
PP_POS__1F6M_A_l__1F6M_A_r	1F6M_A_l	1F6M_A_r	1	pp_prepared	same_complex_structure_positive	structural_positive	1F6M	1F6M	108	317
PP_POS__1FAK_B_l__1FAK_LH_r	1FAK_B_l	1FAK_LH_r	1	pp_prepared	same_complex_structure_positive	structural_positive	1FAK	1FAK	182	348
PP_POS__1FC2_A_l__1FC2_A_r	1FC2_A_l	1FC2_A_r	1	pp_prepared	same_complex_structure_positive	structural_positive	1FC2	1FC2	207	60
PP_POS__1FCC_A_l__1FCC_AB_r	1FCC_AB_r	1FCC_A_l	1	pp_prepared	same_complex_structure_positive	structural_positive	1FCC	1FCC	414	56
PP_POS__1FFW_A_l__1FFW_A_r	1FFW_A_l	1FFW_A_r	1	pp_prepared	same_complex_structure_positive	structural_positive	1FFW	1FFW	69	128
PP_POS__1FLE_A_l__1FLE_A_r	1FLE_A_l	1FLE_A_r	1	pp_prepared	same_complex_structure_positive	structural_positive	1FLE	1FLE	47	240
PP_POS__1FQ1_A_l__1FQ1_F_r	1FQ1_A_l	1FQ1_F_r	1	pp_prepared	same_complex_structure_positive	structural_positive	1FQ1	1FQ1	290	178
PP_POS__1FSK_A_l__1FSK_BC_r	1FSK_A_l	1FSK_BC_r	1	pp_prepared	same_complex_structure_positive	structural_positive	1FSK	1FSK	159	434
PP_POS__1GHQ_A_l__1GHQ_A_r	1GHQ_A_l	1GHQ_A_r	1	pp_prepared	same_complex_structure_positive	structural_positive	1GHQ	1GHQ	130	294
PP_POS__1GL1_A_l__1GL1_1_r	1GL1_1_r	1GL1_A_l	1	pp_prepared	same_complex_structure_positive	structural_positive	1GL1	1GL1	236	34
PP_POS__1GLA_A_l__1GLA_O_r	1GLA_A_l	1GLA_O_r	1	pp_prepared	same_complex_structure_positive	structural_positive	1GLA	1GLA	150	497
PP_POS__1GP2_DH_l__1GP2_A_r	1GP2_A_r	1GP2_DH_l	1	pp_prepared	same_complex_structure_positive	structural_positive	1GP2	1GP2	310	405
PP_POS__1GPW_F_l__1GPW_D_r	1GPW_D_r	1GPW_F_l	1	pp_prepared	same_complex_structure_positive	structural_positive	1GPW	1GPW	253	200
PP_POS__1GRN_A_l__1GRN_A_r	1GRN_A_l	1GRN_A_r	1	pp_prepared	same_complex_structure_positive	structural_positive	1GRN	1GRN	189	190
PP_POS__1GXD_A_l__1GXD_A_r	1GXD_A_l	1GXD_A_r	1	pp_prepared	same_complex_structure_positive	structural_positive	1GXD	1GXD	182	619
PP_POS__1H1V_B_l__1H1V_B_r	1H1V_B_l	1H1V_B_r	1	pp_prepared	same_complex_structure_positive	structural_positive	1H1V	1H1V	729	371
PP_POS__1H9D_A_l__1H9D_A_r	1H9D_A_l	1H9D_A_r	1	pp_prepared	same_complex_structure_positive	structural_positive	1H9D	1H9D	141	114
PP_POS__1HCF_X_l__1HCF_AM_r	1HCF_AM_r	1HCF_X_l	1	pp_prepared	same_complex_structure_positive	structural_positive	1HCF	1HCF	216	86
PP_POS__1HE8_A_l__1HE8_A_r	1HE8_A_l	1HE8_A_r	1	pp_prepared	same_complex_structure_positive	structural_positive	1HE8	1HE8	166	839
PP_POS__1I2M_A_l__1I2M_A_r	1I2M_A_l	1I2M_A_r	1	pp_prepared	same_complex_structure_positive	structural_positive	1I2M	1I2M	401	202
PP_POS__1I9R_LH_l__1I9R_ABC_r	1I9R_ABC_r	1I9R_LH_l	1	pp_prepared	same_complex_structure_positive	structural_positive	1I9R	1I9R	438	434
PP_POS__1IB1_A_l__1IB1_AB_r	1IB1_AB_r	1IB1_A_l	1	pp_prepared	same_complex_structure_positive	structural_positive	1IB1	1IB1	460	166
PP_POS__1IBR_A_l__1IBR_A_r	1IBR_A_l	1IBR_A_r	1	pp_prepared	same_complex_structure_positive	structural_positive	1IBR	1IBR	440	184
PP_POS__1IJK_A_l__1IJK_AB_r	1IJK_AB_r	1IJK_A_l	1	pp_prepared	same_complex_structure_positive	structural_positive	1IJK	1IJK	254	208
PP_POS__1IRA_1_l__1IRA_R_r	1IRA_1_l	1IRA_R_r	1	pp_prepared	same_complex_structure_positive	structural_positive	1IRA	1IRA	145	310
PP_POS__1JK9_A_l__1JK9_A_r	1JK9_A_l	1JK9_A_r	1	pp_prepared	same_complex_structure_positive	structural_positive	1JK9	1JK9	153	219
PP_POS__1JMO_HL_l__1JMO_A_r	1JMO_A_r	1JMO_HL_l	1	pp_prepared	same_complex_structure_positive	structural_positive	1JMO	1JMO	386	278
PP_POS__1JPS_B_l__1JPS_LH_r	1JPS_B_l	1JPS_LH_r	1	pp_prepared	same_complex_structure_positive	structural_positive	1JPS	1JPS	182	425
PP_POS__1JWH_A_l__1JWH_AB_r	1JWH_AB_r	1JWH_A_l	1	pp_prepared	same_complex_structure_positive	structural_positive	1JWH	1JWH	366	328
PP_POS__1JZD_A_l__1JZD_AB_r	1JZD_AB_r	1JZD_A_l	1	pp_prepared	same_complex_structure_positive	structural_positive	1JZD	1JZD	431	116
PP_POS__1K4C_A_l__1K4C_AB_r	1K4C_AB_r	1K4C_A_l	1	pp_prepared	same_complex_structure_positive	structural_positive	1K4C	1K4C	431	97
PP_POS__1K5D_B_l__1K5D_AB_r	1K5D_AB_r	1K5D_B_l	1	pp_prepared	same_complex_structure_positive	structural_positive	1K5D	1K5D	338	343
PP_POS__1K74_A_l__1K74_AB_r	1K74_AB_r	1K74_A_l	1	pp_prepared	same_complex_structure_positive	structural_positive	1K74	1K74	235	272
PP_POS__1KAC_B_l__1KAC_F_r	1KAC_B_l	1KAC_F_r	1	pp_prepared	same_complex_structure_positive	structural_positive	1KAC	1KAC	121	185
PP_POS__1KLU_A_l__1KLU_AB_r	1KLU_AB_r	1KLU_A_l	1	pp_prepared	same_complex_structure_positive	structural_positive	1KLU	1KLU	369	238
PP_POS__1KTZ_A_l__1KTZ_A_r	1KTZ_A_l	1KTZ_A_r	1	pp_prepared	same_complex_structure_positive	structural_positive	1KTZ	1KTZ	105	112
PP_POS__1KXP_B_l__1KXP_B_r	1KXP_B_l	1KXP_B_r	1	pp_prepared	same_complex_structure_positive	structural_positive	1KXP	1KXP	453	371
PP_POS__1LFD_A_l__1LFD_A_r	1LFD_A_l	1LFD_A_r	1	pp_prepared	same_complex_structure_positive	structural_positive	1LFD	1LFD	87	166
PP_POS__1M10_B_l__1M10_A_r	1M10_A_r	1M10_B_l	1	pp_prepared	same_complex_structure_positive	structural_positive	1M10	1M10	208	266
PP_POS__1M27_A_l__1M27_AB_r	1M27_AB_r	1M27_A_l	1	pp_prepared	same_complex_structure_positive	structural_positive	1M27	1M27	115	57
PP_POS__1MAH_A_l__1MAH_B_r	1MAH_A_l	1MAH_B_r	1	pp_prepared	same_complex_structure_positive	structural_positive	1MAH	1MAH	61	533
PP_POS__1ML0_A_l__1ML0_AB_r	1ML0_AB_r	1ML0_A_l	1	pp_prepared	same_complex_structure_positive	structural_positive	1ML0	1ML0	742	71
PP_POS__1MLC_A_l__1MLC_AB_r	1MLC_AB_r	1MLC_A_l	1	pp_prepared	same_complex_structure_positive	structural_positive	1MLC	1MLC	432	129
PP_POS__1MQ8_A_l__1MQ8_A_r	1MQ8_A_l	1MQ8_A_r	1	pp_prepared	same_complex_structure_positive	structural_positive	1MQ8	1MQ8	173	185
PP_POS__1N2C_AB_l__1N2C_ABCD_r	1N2C_ABCD_r	1N2C_AB_l	1	pp_prepared	same_complex_structure_positive	structural_positive	1N2C	1N2C	1979	575
PP_POS__1NCA_A_l__1NCA_LH_r	1NCA_A_l	1NCA_LH_r	1	pp_prepared	same_complex_structure_positive	structural_positive	1NCA	1NCA	388	435
PP_POS__1NSN_A_l__1NSN_LH_r	1NSN_A_l	1NSN_LH_r	1	pp_prepared	same_complex_structure_positive	structural_positive	1NSN	1NSN	137	427
PP_POS__1OFU_A_l__1OFU_AB_r	1OFU_AB_r	1OFU_A_l	1	pp_prepared	same_complex_structure_positive	structural_positive	1OFU	1OFU	238	306
PP_POS__1OYV_A_l__1OYV_A_r	1OYV_A_l	1OYV_A_r	1	pp_prepared	same_complex_structure_positive	structural_positive	1OYV	1OYV	115	274
PP_POS__1PVH_A_l__1PVH_A_r	1PVH_A_l	1PVH_A_r	1	pp_prepared	same_complex_structure_positive	structural_positive	1PVH	1PVH	159	208
PP_POS__1PXV_A_l__1PXV_A_r	1PXV_A_l	1PXV_A_r	1	pp_prepared	same_complex_structure_positive	structural_positive	1PXV	1PXV	111	175
PP_POS__1QFW_AB_l__1QFW_IM_r	1QFW_AB_l	1QFW_IM_r	1	pp_prepared	same_complex_structure_positive	structural_positive	1QFW	1QFW	196	229
PP_POS__1R6Q_A_l__1R6Q_X_r	1R6Q_A_l	1R6Q_X_r	1	pp_prepared	same_complex_structure_positive	structural_positive	1R6Q	1R6Q	89	142
PP_POS__1R8S_E_l__1R8S_A_r	1R8S_A_r	1R8S_E_l	1	pp_prepared	same_complex_structure_positive	structural_positive	1R8S	1R8S	180	195
PP_POS__1RKE_A_l__1RKE_A_r	1RKE_A_l	1RKE_A_r	1	pp_prepared	same_complex_structure_positive	structural_positive	1RKE	1RKE	163	259
PP_POS__1RLB_A_l__1RLB_ABCD_r	1RLB_ABCD_r	1RLB_A_l	1	pp_prepared	same_complex_structure_positive	structural_positive	1RLB	1RLB	456	175
PP_POS__1S1Q_A_l__1S1Q_A_r	1S1Q_A_l	1S1Q_A_r	1	pp_prepared	same_complex_structure_positive	structural_positive	1S1Q	1S1Q	70	143
PP_POS__1S78_A_l__1S78_HL_r	1S78_A_l	1S78_HL_r	1	pp_prepared	same_complex_structure_positive	structural_positive	1S78	1S78	506	436
PP_POS__1SBB_A_l__1SBB_A_r	1SBB_A_l	1SBB_A_r	1	pp_prepared	same_complex_structure_positive	structural_positive	1SBB	1SBB	239	238
PP_POS__1SYX_A_l__1SYX_A_r	1SYX_A_l	1SYX_A_r	1	pp_prepared	same_complex_structure_positive	structural_positive	1SYX	1SYX	62	131
PP_POS__1T6B_X_l__1T6B_A_r	1T6B_A_r	1T6B_X_l	1	pp_prepared	same_complex_structure_positive	structural_positive	1T6B	1T6B	665	181
PP_POS__1TMQ_A_l__1TMQ_A_r	1TMQ_A_l	1TMQ_A_r	1	pp_prepared	same_complex_structure_positive	structural_positive	1TMQ	1TMQ	117	470
PP_POS__1US7_A_l__1US7_A_r	1US7_A_l	1US7_A_r	1	pp_prepared	same_complex_structure_positive	structural_positive	1US7	1US7	129	207
PP_POS__1VFB_A_l__1VFB_AB_r	1VFB_AB_r	1VFB_A_l	1	pp_prepared	same_complex_structure_positive	structural_positive	1VFB	1VFB	224	129
PP_POS__1WEJ_A_l__1WEJ_LH_r	1WEJ_A_l	1WEJ_LH_r	1	pp_prepared	same_complex_structure_positive	structural_positive	1WEJ	1WEJ	104	433
PP_POS__1XD3_A_l__1XD3_A_r	1XD3_A_l	1XD3_A_r	1	pp_prepared	same_complex_structure_positive	structural_positive	1XD3	1XD3	70	206
PP_POS__1XQS_A_l__1XQS_A_r	1XQS_A_l	1XQS_A_r	1	pp_prepared	same_complex_structure_positive	structural_positive	1XQS	1XQS	193	259
PP_POS__1XU1_A_l__1XU1_ABD_r	1XU1_ABD_r	1XU1_A_l	1	pp_prepared	same_complex_structure_positive	structural_positive	1XU1	1XU1	404	39
PP_POS__1Y64_A_l__1Y64_A_r	1Y64_A_l	1Y64_A_r	1	pp_prepared	same_complex_structure_positive	structural_positive	1Y64	1Y64	360	411
PP_POS__1YVB_I_l__1YVB_A_r	1YVB_A_r	1YVB_I_l	1	pp_prepared	same_complex_structure_positive	structural_positive	1YVB	1YVB	241	108
PP_POS__1ZHI_A_l__1ZHI_A_r	1ZHI_A_l	1ZHI_A_r	1	pp_prepared	same_complex_structure_positive	structural_positive	1ZHI	1ZHI	114	203
PP_POS__1ZLI_A_l__1ZLI_A_r	1ZLI_A_l	1ZLI_A_r	1	pp_prepared	same_complex_structure_positive	structural_positive	1ZLI	1ZLI	75	402
PP_POS__1ZM4_A_l__1ZM4_C_r	1ZM4_A_l	1ZM4_C_r	1	pp_prepared	same_complex_structure_positive	structural_positive	1ZM4	1ZM4	204	825
PP_POS__2A1A_A_l__2A1A_A_r	2A1A_A_l	2A1A_A_r	1	pp_prepared	same_complex_structure_positive	structural_positive	2A1A	2A1A	174	255
PP_POS__2A9K_X_l__2A9K_A_r	2A9K_A_r	2A9K_X_l	1	pp_prepared	same_complex_structure_positive	structural_positive	2A9K	2A9K	168	201
PP_POS__2ABZ_A_l__2ABZ_A_r	2ABZ_A_l	2ABZ_A_r	1	pp_prepared	same_complex_structure_positive	structural_positive	2ABZ	2ABZ	62	303
PP_POS__2B42_A_l__2B42_X_r	2B42_A_l	2B42_X_r	1	pp_prepared	same_complex_structure_positive	structural_positive	2B42	2B42	185	362
PP_POS__2BTF_A_l__2BTF_B_r	2BTF_A_l	2BTF_B_r	1	pp_prepared	same_complex_structure_positive	structural_positive	2BTF	2BTF	139	371
PP_POS__2C0L_A_l__2C0L_A_r	2C0L_A_l	2C0L_A_r	1	pp_prepared	same_complex_structure_positive	structural_positive	2C0L	2C0L	123	302
PP_POS__2FJU_A_l__2FJU_X_r	2FJU_A_l	2FJU_X_r	1	pp_prepared	same_complex_structure_positive	structural_positive	2FJU	2FJU	183	708
PP_POS__2G77_A_l__2G77_A_r	2G77_A_l	2G77_A_r	1	pp_prepared	same_complex_structure_positive	structural_positive	2G77	2G77	165	314
PP_POS__2GTP_A_l__2GTP_A_r	2GTP_A_l	2GTP_A_r	1	pp_prepared	same_complex_structure_positive	structural_positive	2GTP	2GTP	134	313
PP_POS__2HMI_CD_l__2HMI_AB_r	2HMI_AB_r	2HMI_CD_l	1	pp_prepared	same_complex_structure_positive	structural_positive	2HMI	2HMI	979	434
PP_POS__2HQS_A_l__2HQS_A_r	2HQS_A_l	2HQS_A_r	1	pp_prepared	same_complex_structure_positive	structural_positive	2HQS	2HQS	108	397
PP_POS__2HRK_A_l__2HRK_A_r	2HRK_A_l	2HRK_A_r	1	pp_prepared	same_complex_structure_positive	structural_positive	2HRK	2HRK	103	180
PP_POS__2I9B_A_l__2I9B_A_r	2I9B_A_l	2I9B_A_r	1	pp_prepared	same_complex_structure_positive	structural_positive	2I9B	2I9B	123	268
PP_POS__2IDO_A_l__2IDO_A_r	2IDO_A_l	2IDO_A_r	1	pp_prepared	same_complex_structure_positive	structural_positive	2IDO	2IDO	66	174
PP_POS__2J0T_A_l__2J0T_A_r	2J0T_A_l	2J0T_A_r	1	pp_prepared	same_complex_structure_positive	structural_positive	2J0T	2J0T	126	157
PP_POS__2J7P_D_l__2J7P_A_r	2J7P_A_r	2J7P_D_l	1	pp_prepared	same_complex_structure_positive	structural_positive	2J7P	2J7P	294	259
PP_POS__2JEL_A_l__2JEL_LH_r	2JEL_A_l	2JEL_LH_r	1	pp_prepared	same_complex_structure_positive	structural_positive	2JEL	2JEL	85	435
PP_POS__2MTA_A_l__2MTA_MJ_r	2MTA_A_l	2MTA_MJ_r	1	pp_prepared	same_complex_structure_positive	structural_positive	2MTA	2MTA	105	480
PP_POS__2NZ8_A_l__2NZ8_A_r	2NZ8_A_l	2NZ8_A_r	1	pp_prepared	same_complex_structure_positive	structural_positive	2NZ8	2NZ8	183	305
PP_POS__2O3B_A_l__2O3B_A_r	2O3B_A_l	2O3B_A_r	1	pp_prepared	same_complex_structure_positive	structural_positive	2O3B	2O3B	135	239
PP_POS__2O8V_A_l__2O8V_A_r	2O8V_A_l	2O8V_A_r	1	pp_prepared	same_complex_structure_positive	structural_positive	2O8V	2O8V	108	215
PP_POS__2OOB_A_l__2OOB_A_r	2OOB_A_l	2OOB_A_r	1	pp_prepared	same_complex_structure_positive	structural_positive	2OOB	2OOB	70	41
PP_POS__2OOR_A_l__2OOR_AB_r	2OOR_AB_r	2OOR_A_l	1	pp_prepared	same_complex_structure_positive	structural_positive	2OOR	2OOR	729	175
PP_POS__2OUL_A_l__2OUL_A_r	2OUL_A_l	2OUL_A_r	1	pp_prepared	same_complex_structure_positive	structural_positive	2OUL	2OUL	110	236
PP_POS__2OZA_X_l__2OZA_A_r	2OZA_A_r	2OZA_X_l	1	pp_prepared	same_complex_structure_positive	structural_positive	2OZA	2OZA	329	282
PP_POS__2PCC_A_l__2PCC_A_r	2PCC_A_l	2PCC_A_r	1	pp_prepared	same_complex_structure_positive	structural_positive	2PCC	2PCC	108	293
PP_POS__2SIC_A_l__2SIC_A_r	2SIC_A_l	2SIC_A_r	1	pp_prepared	same_complex_structure_positive	structural_positive	2SIC	2SIC	108	275
PP_POS__2UUY_A_l__2UUY_A_r	2UUY_A_l	2UUY_A_r	1	pp_prepared	same_complex_structure_positive	structural_positive	2UUY	2UUY	55	223
PP_POS__2VDB_A_l__2VDB_A_r	2VDB_A_l	2VDB_A_r	1	pp_prepared	same_complex_structure_positive	structural_positive	2VDB	2VDB	56	582
PP_POS__2VIS_A_l__2VIS_LH_r	2VIS_A_l	2VIS_LH_r	1	pp_prepared	same_complex_structure_positive	structural_positive	2VIS	2VIS	320	431
PP_POS__2W9E_A_l__2W9E_HL_r	2W9E_A_l	2W9E_HL_r	1	pp_prepared	same_complex_structure_positive	structural_positive	2W9E	2W9E	104	425
PP_POS__2YVJ_A_l__2YVJ_A_r	2YVJ_A_l	2YVJ_A_r	1	pp_prepared	same_complex_structure_positive	structural_positive	2YVJ	2YVJ	108	401
PP_POS__3AAD_A_l__3AAD_A_r	3AAD_A_l	3AAD_A_r	1	pp_prepared	same_complex_structure_positive	structural_positive	3AAD	3AAD	156	267
PP_POS__3BIW_A_l__3BIW_A_r	3BIW_A_l	3BIW_A_r	1	pp_prepared	same_complex_structure_positive	structural_positive	3BIW	3BIW	182	555
PP_POS__3BP8_A_l__3BP8_AB_r	3BP8_AB_r	3BP8_A_l	1	pp_prepared	same_complex_structure_positive	structural_positive	3BP8	3BP8	746	74
PP_POS__3BX7_A_l__3BX7_A_r	3BX7_A_l	3BX7_A_r	1	pp_prepared	same_complex_structure_positive	structural_positive	3BX7	3BX7	121	167
PP_POS__3CPH_C_l__3CPH_G_r	3CPH_C_l	3CPH_G_r	1	pp_prepared	same_complex_structure_positive	structural_positive	3CPH	3CPH	164	437
PP_POS__3D5S_A_l__3D5S_A_r	3D5S_A_l	3D5S_A_r	1	pp_prepared	same_complex_structure_positive	structural_positive	3D5S	3D5S	61	294
PP_POS__3DAW_A_l__3DAW_A_r	3DAW_A_l	3DAW_A_r	1	pp_prepared	same_complex_structure_positive	structural_positive	3DAW	3DAW	142	363
PP_POS__3EO1_AB_l__3EO1_AB_r	3EO1_AB_l	3EO1_AB_r	1	pp_prepared	same_complex_structure_positive	structural_positive	3EO1	3EO1	224	435
PP_POS__3FN1_A_l__3FN1_A_r	3FN1_A_l	3FN1_A_r	1	pp_prepared	same_complex_structure_positive	structural_positive	3FN1	3FN1	97	173
PP_POS__3H2V_A_l__3H2V_A_r	3H2V_A_l	3H2V_A_r	1	pp_prepared	same_complex_structure_positive	structural_positive	3H2V	3H2V	88	163
PP_POS__3HMX_AB_l__3HMX_LH_r	3HMX_AB_l	3HMX_LH_r	1	pp_prepared	same_complex_structure_positive	structural_positive	3HMX	3HMX	415	432
PP_POS__3K75_A_l__3K75_A_r	3K75_A_l	3K75_A_r	1	pp_prepared	same_complex_structure_positive	structural_positive	3K75	3K75	152	242
PP_POS__3L5W_A_l__3L5W_LH_r	3L5W_A_l	3L5W_LH_r	1	pp_prepared	same_complex_structure_positive	structural_positive	3L5W	3L5W	113	429
PP_POS__3L89_A_l__3L89_ABC_r	3L89_ABC_r	3L89_A_l	1	pp_prepared	same_complex_structure_positive	structural_positive	3L89	3L89	550	126
PP_POS__3LVK_A_l__3LVK_AB_r	3LVK_AB_r	3LVK_A_l	1	pp_prepared	same_complex_structure_positive	structural_positive	3LVK	3LVK	787	81
PP_POS__3MJ9_A_l__3MJ9_HL_r	3MJ9_A_l	3MJ9_HL_r	1	pp_prepared	same_complex_structure_positive	structural_positive	3MJ9	3MJ9	227	420
PP_POS__3MXW_A_l__3MXW_LH_r	3MXW_A_l	3MXW_LH_r	1	pp_prepared	same_complex_structure_positive	structural_positive	3MXW	3MXW	164	432
PP_POS__3P57_A_l__3P57_AB_r	3P57_AB_r	3P57_A_l	1	pp_prepared	same_complex_structure_positive	structural_positive	3P57	3P57	180	109
PP_POS__3RVW_A_l__3RVW_CD_r	3RVW_A_l	3RVW_CD_r	1	pp_prepared	same_complex_structure_positive	structural_positive	3RVW	3RVW	221	435
PP_POS__3SE8_A_l__3SE8_HL_r	3SE8_A_l	3SE8_HL_r	1	pp_prepared	same_complex_structure_positive	structural_positive	3SE8	3SE8	342	440
PP_POS__3SGQ_A_l__3SGQ_E_r	3SGQ_A_l	3SGQ_E_r	1	pp_prepared	same_complex_structure_positive	structural_positive	3SGQ	3SGQ	51	185
PP_POS__3SZK_A_l__3SZK_AB_r	3SZK_AB_r	3SZK_A_l	1	pp_prepared	same_complex_structure_positive	structural_positive	3SZK	3SZK	287	144
PP_POS__3V6Z_F_l__3V6Z_AB_r	3V6Z_AB_r	3V6Z_F_l	1	pp_prepared	same_complex_structure_positive	structural_positive	3V6Z	3V6Z	437	142
PP_POS__3VLB_A_l__3VLB_A_r	3VLB_A_l	3VLB_A_r	1	pp_prepared	same_complex_structure_positive	structural_positive	3VLB	3VLB	221	412
PP_POS__3WD5_ABC_l__3WD5_HL_r	3WD5_ABC_l	3WD5_HL_r	1	pp_prepared	same_complex_structure_positive	structural_positive	3WD5	3WD5	456	423
PP_POS__4CPA_A_l__4CPA_A_r	4CPA_A_l	4CPA_A_r	1	pp_prepared	same_complex_structure_positive	structural_positive	4CPA	4CPA	39	307
PP_POS__4DN4_A_l__4DN4_LH_r	4DN4_A_l	4DN4_LH_r	1	pp_prepared	same_complex_structure_positive	structural_positive	4DN4	4DN4	71	425
PP_POS__4DW2_U_l__4DW2_AB_r	4DW2_AB_r	4DW2_U_l	1	pp_prepared	same_complex_structure_positive	structural_positive	4DW2	4DW2	427	246
PP_POS__4FQI_ABCDEF_l__4FQI_HL_r	4FQI_ABCDEF_l	4FQI_HL_r	1	pp_prepared	same_complex_structure_positive	structural_positive	4FQI	4FQI	1491	434
PP_POS__4FZA_A_l__4FZA_A_r	4FZA_A_l	4FZA_A_r	1	pp_prepared	same_complex_structure_positive	structural_positive	4FZA	4FZA	275	304
PP_POS__4G6J_A_l__4G6J_HL_r	4G6J_A_l	4G6J_HL_r	1	pp_prepared	same_complex_structure_positive	structural_positive	4G6J	4G6J	151	430
PP_POS__4G6M_A_l__4G6M_HL_r	4G6M_A_l	4G6M_HL_r	1	pp_prepared	same_complex_structure_positive	structural_positive	4G6M	4G6M	151	432
PP_POS__4H03_A_l__4H03_A_r	4H03_A_l	4H03_A_r	1	pp_prepared	same_complex_structure_positive	structural_positive	4H03	4H03	363	411
PP_POS__4JCV_A_l__4JCV_ABCD_r	4JCV_ABCD_r	4JCV_A_l	1	pp_prepared	same_complex_structure_positive	structural_positive	4JCV	4JCV	791	230
PP_POS__4LW4_A_l__4LW4_AB_r	4LW4_AB_r	4LW4_A_l	1	pp_prepared	same_complex_structure_positive	structural_positive	4LW4	4LW4	798	149
PP_POS__4M3K_A_l__4M3K_A_r	4M3K_A_l	4M3K_A_r	1	pp_prepared	same_complex_structure_positive	structural_positive	4M3K	4M3K	256	116
PP_POS__4M76_A_l__4M76_A_r	4M76_A_l	4M76_A_r	1	pp_prepared	same_complex_structure_positive	structural_positive	4M76	4M76	184	294
PP_POS__4Y7M_A_l__4Y7M_A_r	4Y7M_A_l	4Y7M_A_r	1	pp_prepared	same_complex_structure_positive	structural_positive	4Y7M	4Y7M	235	135
PP_POS__5C7X_A_l__5C7X_HL_r	5C7X_A_l	5C7X_HL_r	1	pp_prepared	same_complex_structure_positive	structural_positive	5C7X	5C7X	121	423
PP_POS__5E5M_A_l__5E5M_A_r	5E5M_A_l	5E5M_A_r	1	pp_prepared	same_complex_structure_positive	structural_positive	5E5M	5E5M	116	113
PP_POS__5GRJ_A_l__5GRJ_HL_r	5GRJ_A_l	5GRJ_HL_r	1	pp_prepared	same_complex_structure_positive	structural_positive	5GRJ	5GRJ	212	433
PP_POS__5HGG_A_l__5HGG_A_r	5HGG_A_l	5HGG_A_r	1	pp_prepared	same_complex_structure_positive	structural_positive	5HGG	5HGG	246	126
PP_POS__5HYS_AB_l__5HYS_HL_r	5HYS_AB_l	5HYS_HL_r	1	pp_prepared	same_complex_structure_positive	structural_positive	5HYS	5HYS	425	437
PP_POS__5JMO_A_l__5JMO_A_r	5JMO_A_l	5JMO_A_r	1	pp_prepared	same_complex_structure_positive	structural_positive	5JMO	5JMO	472	117
PP_POS__5KOV_AB_l__5KOV_HL_r	5KOV_AB_l	5KOV_HL_r	1	pp_prepared	same_complex_structure_positive	structural_positive	5KOV	5KOV	441	424
PP_POS__5O1R_A_l__5O1R_HL_r	5O1R_A_l	5O1R_HL_r	1	pp_prepared	same_complex_structure_positive	structural_positive	5O1R	5O1R	152	435
PP_POS__5WHK_AB_l__5WHK_HL_r	5WHK_AB_l	5WHK_HL_r	1	pp_prepared	same_complex_structure_positive	structural_positive	5WHK	5WHK	362	428
PP_POS__5WUX_CBA_l__5WUX_HL_r	5WUX_CBA_l	5WUX_HL_r	1	pp_prepared	same_complex_structure_positive	structural_positive	5WUX	5WUX	456	433
PP_POS__5X0T_A_l__5X0T_AB_r	5X0T_AB_r	5X0T_A_l	1	pp_prepared	same_complex_structure_positive	structural_positive	5X0T	5X0T	428	181
PP_POS__5Y9J_ABC_l__5Y9J_HL_r	5Y9J_ABC_l	5Y9J_HL_r	1	pp_prepared	same_complex_structure_positive	structural_positive	5Y9J	5Y9J	432	425
PP_POS__6A0Z_A_l__6A0Z_AB_r	6A0Z_AB_r	6A0Z_A_l	1	pp_prepared	same_complex_structure_positive	structural_positive	6A0Z	6A0Z	437	322
PP_POS__6A77_A_l__6A77_HL_r	6A77_A_l	6A77_HL_r	1	pp_prepared	same_complex_structure_positive	structural_positive	6A77	6A77	92	425
PP_POS__6AL0_A_l__6AL0_AB_r	6AL0_AB_r	6AL0_A_l	1	pp_prepared	same_complex_structure_positive	structural_positive	6AL0	6AL0	418	185
PP_POS__6B0S_A_l__6B0S_HL_r	6B0S_A_l	6B0S_HL_r	1	pp_prepared	same_complex_structure_positive	structural_positive	6B0S	6B0S	71	433
PP_POS__6BPC_A_l__6BPC_AB_r	6BPC_AB_r	6BPC_A_l	1	pp_prepared	same_complex_structure_positive	structural_positive	6BPC	6BPC	421	303
PP_POS__6DBG_A_l__6DBG_A_r	6DBG_A_l	6DBG_A_r	1	pp_prepared	same_complex_structure_positive	structural_positive	6DBG	6DBG	291	123
PP_POS__7CEI_B_l__7CEI_D_r	7CEI_B_l	7CEI_D_r	1	pp_prepared	same_complex_structure_positive	structural_positive	7CEI	7CEI	131	87
PP_POS__9QFW_AB_l__9QFW_HL_r	9QFW_AB_l	9QFW_HL_r	1	pp_prepared	same_complex_structure_positive	structural_positive	9QFW	9QFW	196	224
PP_POS__BOYV_A_l__BOYV_A_r	BOYV_A_l	BOYV_A_r	1	pp_prepared	same_complex_structure_positive	structural_positive	BOYV	BOYV	115	274
PP_POS__BP57_A_l__BP57_AB_r	BP57_AB_r	BP57_A_l	1	pp_prepared	same_complex_structure_positive	structural_positive	BP57	BP57	180	109
PP_POS__CP57_A_l__CP57_AB_r	CP57_AB_r	CP57_A_l	1	pp_prepared	same_complex_structure_positive	structural_positive	CP57	CP57	180	109
PP_NEG__1A2K_A_l__BOYV_A_r	1A2K_A_l	BOYV_A_r	0	pp_prepared	cross_complex_frozen_synthetic_negative	synthetic_negative_not_experimentally_verified	1A2K	BOYV	202	274
PP_NEG__1AHW_A_l__1NSN_LH_r	1AHW_A_l	1NSN_LH_r	0	pp_prepared	cross_complex_frozen_synthetic_negative	synthetic_negative_not_experimentally_verified	1AHW	1NSN	202	427
PP_NEG__1AK4_A_l__5C7X_HL_r	1AK4_A_l	5C7X_HL_r	0	pp_prepared	cross_complex_frozen_synthetic_negative	synthetic_negative_not_experimentally_verified	1AK4	5C7X	146	423
PP_NEG__1AKJ_AB_l__3SZK_AB_r	1AKJ_AB_l	3SZK_AB_r	0	pp_prepared	cross_complex_frozen_synthetic_negative	synthetic_negative_not_experimentally_verified	1AKJ	3SZK	228	287
PP_NEG__1AY7_B_l__2SIC_A_r	1AY7_B_l	2SIC_A_r	0	pp_prepared	cross_complex_frozen_synthetic_negative	synthetic_negative_not_experimentally_verified	1AY7	2SIC	89	275
PP_NEG__1AZS_A_l__1LFD_A_r	1AZS_A_l	1LFD_A_r	0	pp_prepared	cross_complex_frozen_synthetic_negative	synthetic_negative_not_experimentally_verified	1AZS	1LFD	335	166
PP_NEG__1BGX_A_l__3K75_A_r	1BGX_A_l	3K75_A_r	0	pp_prepared	cross_complex_frozen_synthetic_negative	synthetic_negative_not_experimentally_verified	1BGX	3K75	807	242
PP_NEG__1BJ1_GH_l__1D6R_A_r	1BJ1_GH_l	1D6R_A_r	0	pp_prepared	cross_complex_frozen_synthetic_negative	synthetic_negative_not_experimentally_verified	1BJ1	1D6R	189	223
PP_NEG__1BUH_A_l__4FZA_A_r	1BUH_A_l	4FZA_A_r	0	pp_prepared	cross_complex_frozen_synthetic_negative	synthetic_negative_not_experimentally_verified	1BUH	4FZA	76	304
PP_NEG__1BVN_A_l__6AL0_AB_r	1BVN_A_l	6AL0_AB_r	0	pp_prepared	cross_complex_frozen_synthetic_negative	synthetic_negative_not_experimentally_verified	1BVN	6AL0	74	418
PP_NEG__1CLV_A_l__2O3B_A_r	1CLV_A_l	2O3B_A_r	0	pp_prepared	cross_complex_frozen_synthetic_negative	synthetic_negative_not_experimentally_verified	1CLV	2O3B	32	239
PP_NEG__1D6R_A_l__1BJ1_LH_r	1BJ1_LH_r	1D6R_A_l	0	pp_prepared	cross_complex_frozen_synthetic_negative	synthetic_negative_not_experimentally_verified	1BJ1	1D6R	431	58
PP_NEG__1DFJ_A_l__1GRN_A_r	1DFJ_A_l	1GRN_A_r	0	pp_prepared	cross_complex_frozen_synthetic_negative	synthetic_negative_not_experimentally_verified	1DFJ	1GRN	456	190
PP_NEG__1DQJ_A_l__2J7P_A_r	1DQJ_A_l	2J7P_A_r	0	pp_prepared	cross_complex_frozen_synthetic_negative	synthetic_negative_not_experimentally_verified	1DQJ	2J7P	129	294
PP_NEG__1E4K_A_l__5Y9J_HL_r	1E4K_A_l	5Y9J_HL_r	0	pp_prepared	cross_complex_frozen_synthetic_negative	synthetic_negative_not_experimentally_verified	1E4K	5Y9J	173	425
PP_NEG__1E6J_A_l__1K74_AB_r	1E6J_A_l	1K74_AB_r	0	pp_prepared	cross_complex_frozen_synthetic_negative	synthetic_negative_not_experimentally_verified	1E6J	1K74	72	235
PP_NEG__1E96_A_l__1QFW_IM_r	1E96_A_l	1QFW_IM_r	0	pp_prepared	cross_complex_frozen_synthetic_negative	synthetic_negative_not_experimentally_verified	1E96	1QFW	192	229
PP_NEG__1EAW_A_l__3SGQ_E_r	1EAW_A_l	3SGQ_E_r	0	pp_prepared	cross_complex_frozen_synthetic_negative	synthetic_negative_not_experimentally_verified	1EAW	3SGQ	58	185
PP_NEG__1EER_AB_l__BP57_AB_r	1EER_AB_l	BP57_AB_r	0	pp_prepared	cross_complex_frozen_synthetic_negative	synthetic_negative_not_experimentally_verified	1EER	BP57	414	180
PP_NEG__1EFN_A_l__1GL1_1_r	1EFN_A_l	1GL1_1_r	0	pp_prepared	cross_complex_frozen_synthetic_negative	synthetic_negative_not_experimentally_verified	1EFN	1GL1	57	236
PP_NEG__1EXB_ABCD_l__1VFB_AB_r	1EXB_ABCD_l	1VFB_AB_r	0	pp_prepared	cross_complex_frozen_synthetic_negative	synthetic_negative_not_experimentally_verified	1EXB	1VFB	396	224
PP_NEG__1EZU_AB_l__4FQI_HL_r	1EZU_AB_l	4FQI_HL_r	0	pp_prepared	cross_complex_frozen_synthetic_negative	synthetic_negative_not_experimentally_verified	1EZU	4FQI	284	434
PP_NEG__1F51_C_l__3MXW_LH_r	1F51_C_l	3MXW_LH_r	0	pp_prepared	cross_complex_frozen_synthetic_negative	synthetic_negative_not_experimentally_verified	1F51	3MXW	121	432
PP_NEG__1F6M_A_l__1XU1_ABD_r	1F6M_A_l	1XU1_ABD_r	0	pp_prepared	cross_complex_frozen_synthetic_negative	synthetic_negative_not_experimentally_verified	1F6M	1XU1	108	404
PP_NEG__1FAK_B_l__5JMO_A_r	1FAK_B_l	5JMO_A_r	0	pp_prepared	cross_complex_frozen_synthetic_negative	synthetic_negative_not_experimentally_verified	1FAK	5JMO	182	117
PP_NEG__1FC2_A_l__1T6B_A_r	1FC2_A_l	1T6B_A_r	0	pp_prepared	cross_complex_frozen_synthetic_negative	synthetic_negative_not_experimentally_verified	1FC2	1T6B	207	665
PP_NEG__1FCC_A_l__1RLB_ABCD_r	1FCC_A_l	1RLB_ABCD_r	0	pp_prepared	cross_complex_frozen_synthetic_negative	synthetic_negative_not_experimentally_verified	1FCC	1RLB	56	456
PP_NEG__1FFW_A_l__2C0L_A_r	1FFW_A_l	2C0L_A_r	0	pp_prepared	cross_complex_frozen_synthetic_negative	synthetic_negative_not_experimentally_verified	1FFW	2C0L	69	302
PP_NEG__1FLE_A_l__1JZD_AB_r	1FLE_A_l	1JZD_AB_r	0	pp_prepared	cross_complex_frozen_synthetic_negative	synthetic_negative_not_experimentally_verified	1FLE	1JZD	47	431
PP_NEG__1FQ1_A_l__7CEI_D_r	1FQ1_A_l	7CEI_D_r	0	pp_prepared	cross_complex_frozen_synthetic_negative	synthetic_negative_not_experimentally_verified	1FQ1	7CEI	290	87
PP_NEG__1FSK_A_l__1R8S_A_r	1FSK_A_l	1R8S_A_r	0	pp_prepared	cross_complex_frozen_synthetic_negative	synthetic_negative_not_experimentally_verified	1FSK	1R8S	159	180
PP_NEG__1GHQ_A_l__4LW4_AB_r	1GHQ_A_l	4LW4_AB_r	0	pp_prepared	cross_complex_frozen_synthetic_negative	synthetic_negative_not_experimentally_verified	1GHQ	4LW4	130	798
PP_NEG__1GL1_A_l__1EFN_A_r	1EFN_A_r	1GL1_A_l	0	pp_prepared	cross_complex_frozen_synthetic_negative	synthetic_negative_not_experimentally_verified	1EFN	1GL1	99	34
PP_NEG__1GLA_A_l__3L89_ABC_r	1GLA_A_l	3L89_ABC_r	0	pp_prepared	cross_complex_frozen_synthetic_negative	synthetic_negative_not_experimentally_verified	1GLA	3L89	150	550
PP_NEG__1GP2_DH_l__CP57_AB_r	1GP2_DH_l	CP57_AB_r	0	pp_prepared	cross_complex_frozen_synthetic_negative	synthetic_negative_not_experimentally_verified	1GP2	CP57	405	180
PP_NEG__1GPW_F_l__1K4C_AB_r	1GPW_F_l	1K4C_AB_r	0	pp_prepared	cross_complex_frozen_synthetic_negative	synthetic_negative_not_experimentally_verified	1GPW	1K4C	200	431
PP_NEG__1GRN_A_l__1DFJ_B_r	1DFJ_B_r	1GRN_A_l	0	pp_prepared	cross_complex_frozen_synthetic_negative	synthetic_negative_not_experimentally_verified	1DFJ	1GRN	124	189
PP_NEG__1GXD_A_l__2NZ8_A_r	1GXD_A_l	2NZ8_A_r	0	pp_prepared	cross_complex_frozen_synthetic_negative	synthetic_negative_not_experimentally_verified	1GXD	2NZ8	182	305
PP_NEG__1H1V_B_l__2BTF_B_r	1H1V_B_l	2BTF_B_r	0	pp_prepared	cross_complex_frozen_synthetic_negative	synthetic_negative_not_experimentally_verified	1H1V	2BTF	729	371
PP_NEG__1H9D_A_l__1IBR_A_r	1H9D_A_l	1IBR_A_r	0	pp_prepared	cross_complex_frozen_synthetic_negative	synthetic_negative_not_experimentally_verified	1H9D	1IBR	141	184
PP_NEG__1HCF_X_l__2OOR_AB_r	1HCF_X_l	2OOR_AB_r	0	pp_prepared	cross_complex_frozen_synthetic_negative	synthetic_negative_not_experimentally_verified	1HCF	2OOR	86	729
PP_NEG__1HE8_A_l__3WD5_HL_r	1HE8_A_l	3WD5_HL_r	0	pp_prepared	cross_complex_frozen_synthetic_negative	synthetic_negative_not_experimentally_verified	1HE8	3WD5	166	423
PP_NEG__1I2M_A_l__2YVJ_A_r	1I2M_A_l	2YVJ_A_r	0	pp_prepared	cross_complex_frozen_synthetic_negative	synthetic_negative_not_experimentally_verified	1I2M	2YVJ	401	401
PP_NEG__1I9R_LH_l__1JMO_A_r	1I9R_LH_l	1JMO_A_r	0	pp_prepared	cross_complex_frozen_synthetic_negative	synthetic_negative_not_experimentally_verified	1I9R	1JMO	434	386
PP_NEG__1IB1_A_l__5WHK_HL_r	1IB1_A_l	5WHK_HL_r	0	pp_prepared	cross_complex_frozen_synthetic_negative	synthetic_negative_not_experimentally_verified	1IB1	5WHK	166	428
PP_NEG__1IBR_A_l__1H9D_A_r	1H9D_A_r	1IBR_A_l	0	pp_prepared	cross_complex_frozen_synthetic_negative	synthetic_negative_not_experimentally_verified	1H9D	1IBR	114	440
PP_NEG__1IJK_A_l__1OFU_AB_r	1IJK_A_l	1OFU_AB_r	0	pp_prepared	cross_complex_frozen_synthetic_negative	synthetic_negative_not_experimentally_verified	1IJK	1OFU	208	238
PP_NEG__1IRA_1_l__3VLB_A_r	1IRA_1_l	3VLB_A_r	0	pp_prepared	cross_complex_frozen_synthetic_negative	synthetic_negative_not_experimentally_verified	1IRA	3VLB	145	412
PP_NEG__1JK9_A_l__5X0T_AB_r	1JK9_A_l	5X0T_AB_r	0	pp_prepared	cross_complex_frozen_synthetic_negative	synthetic_negative_not_experimentally_verified	1JK9	5X0T	153	428
PP_NEG__1JMO_HL_l__1I9R_ABC_r	1I9R_ABC_r	1JMO_HL_l	0	pp_prepared	cross_complex_frozen_synthetic_negative	synthetic_negative_not_experimentally_verified	1I9R	1JMO	438	278
PP_NEG__1JPS_B_l__3LVK_AB_r	1JPS_B_l	3LVK_AB_r	0	pp_prepared	cross_complex_frozen_synthetic_negative	synthetic_negative_not_experimentally_verified	1JPS	3LVK	182	787
PP_NEG__1JWH_A_l__3SE8_HL_r	1JWH_A_l	3SE8_HL_r	0	pp_prepared	cross_complex_frozen_synthetic_negative	synthetic_negative_not_experimentally_verified	1JWH	3SE8	328	440
PP_NEG__1JZD_A_l__1FLE_A_r	1FLE_A_r	1JZD_A_l	0	pp_prepared	cross_complex_frozen_synthetic_negative	synthetic_negative_not_experimentally_verified	1FLE	1JZD	240	116
PP_NEG__1K4C_A_l__1GPW_D_r	1GPW_D_r	1K4C_A_l	0	pp_prepared	cross_complex_frozen_synthetic_negative	synthetic_negative_not_experimentally_verified	1GPW	1K4C	253	97
PP_NEG__1K5D_B_l__5HGG_A_r	1K5D_B_l	5HGG_A_r	0	pp_prepared	cross_complex_frozen_synthetic_negative	synthetic_negative_not_experimentally_verified	1K5D	5HGG	343	126
PP_NEG__1K74_A_l__1E6J_LH_r	1E6J_LH_r	1K74_A_l	0	pp_prepared	cross_complex_frozen_synthetic_negative	synthetic_negative_not_experimentally_verified	1E6J	1K74	429	272
PP_NEG__1KAC_B_l__5WUX_HL_r	1KAC_B_l	5WUX_HL_r	0	pp_prepared	cross_complex_frozen_synthetic_negative	synthetic_negative_not_experimentally_verified	1KAC	5WUX	121	433
PP_NEG__1KLU_A_l__2OZA_A_r	1KLU_A_l	2OZA_A_r	0	pp_prepared	cross_complex_frozen_synthetic_negative	synthetic_negative_not_experimentally_verified	1KLU	2OZA	238	329
PP_NEG__1KTZ_A_l__2UUY_A_r	1KTZ_A_l	2UUY_A_r	0	pp_prepared	cross_complex_frozen_synthetic_negative	synthetic_negative_not_experimentally_verified	1KTZ	2UUY	105	223
PP_NEG__1KXP_B_l__1ZHI_A_r	1KXP_B_l	1ZHI_A_r	0	pp_prepared	cross_complex_frozen_synthetic_negative	synthetic_negative_not_experimentally_verified	1KXP	1ZHI	453	203
PP_NEG__1LFD_A_l__1AZS_AB_r	1AZS_AB_r	1LFD_A_l	0	pp_prepared	cross_complex_frozen_synthetic_negative	synthetic_negative_not_experimentally_verified	1AZS	1LFD	353	87
PP_NEG__1M10_B_l__2PCC_A_r	1M10_B_l	2PCC_A_r	0	pp_prepared	cross_complex_frozen_synthetic_negative	synthetic_negative_not_experimentally_verified	1M10	2PCC	266	293
PP_NEG__1M27_A_l__2I9B_A_r	1M27_A_l	2I9B_A_r	0	pp_prepared	cross_complex_frozen_synthetic_negative	synthetic_negative_not_experimentally_verified	1M27	2I9B	57	268
PP_NEG__1MAH_A_l__2O8V_A_r	1MAH_A_l	2O8V_A_r	0	pp_prepared	cross_complex_frozen_synthetic_negative	synthetic_negative_not_experimentally_verified	1MAH	2O8V	61	215
PP_NEG__1ML0_A_l__4DN4_LH_r	1ML0_A_l	4DN4_LH_r	0	pp_prepared	cross_complex_frozen_synthetic_negative	synthetic_negative_not_experimentally_verified	1ML0	4DN4	71	425
PP_NEG__1MLC_A_l__1OYV_A_r	1MLC_A_l	1OYV_A_r	0	pp_prepared	cross_complex_frozen_synthetic_negative	synthetic_negative_not_experimentally_verified	1MLC	1OYV	129	274
PP_NEG__1MQ8_A_l__1S1Q_A_r	1MQ8_A_l	1S1Q_A_r	0	pp_prepared	cross_complex_frozen_synthetic_negative	synthetic_negative_not_experimentally_verified	1MQ8	1S1Q	173	143
PP_NEG__1N2C_AB_l__2HMI_AB_r	1N2C_AB_l	2HMI_AB_r	0	pp_prepared	cross_complex_frozen_synthetic_negative	synthetic_negative_not_experimentally_verified	1N2C	2HMI	575	979
PP_NEG__1NCA_A_l__2MTA_MJ_r	1NCA_A_l	2MTA_MJ_r	0	pp_prepared	cross_complex_frozen_synthetic_negative	synthetic_negative_not_experimentally_verified	1NCA	2MTA	388	480
PP_NEG__1NSN_A_l__1AHW_LH_r	1AHW_LH_r	1NSN_A_l	0	pp_prepared	cross_complex_frozen_synthetic_negative	synthetic_negative_not_experimentally_verified	1AHW	1NSN	428	137
PP_NEG__1OFU_A_l__1IJK_AB_r	1IJK_AB_r	1OFU_A_l	0	pp_prepared	cross_complex_frozen_synthetic_negative	synthetic_negative_not_experimentally_verified	1IJK	1OFU	254	306
PP_NEG__1OYV_A_l__1MLC_AB_r	1MLC_AB_r	1OYV_A_l	0	pp_prepared	cross_complex_frozen_synthetic_negative	synthetic_negative_not_experimentally_verified	1MLC	1OYV	432	115
PP_NEG__1PVH_A_l__4H03_A_r	1PVH_A_l	4H03_A_r	0	pp_prepared	cross_complex_frozen_synthetic_negative	synthetic_negative_not_experimentally_verified	1PVH	4H03	159	411
PP_NEG__1PXV_A_l__2HQS_A_r	1PXV_A_l	2HQS_A_r	0	pp_prepared	cross_complex_frozen_synthetic_negative	synthetic_negative_not_experimentally_verified	1PXV	2HQS	111	397
PP_NEG__1QFW_AB_l__1E96_A_r	1E96_A_r	1QFW_AB_l	0	pp_prepared	cross_complex_frozen_synthetic_negative	synthetic_negative_not_experimentally_verified	1E96	1QFW	183	196
PP_NEG__1R6Q_A_l__3BX7_A_r	1R6Q_A_l	3BX7_A_r	0	pp_prepared	cross_complex_frozen_synthetic_negative	synthetic_negative_not_experimentally_verified	1R6Q	3BX7	89	167
PP_NEG__1R8S_E_l__1FSK_BC_r	1FSK_BC_r	1R8S_E_l	0	pp_prepared	cross_complex_frozen_synthetic_negative	synthetic_negative_not_experimentally_verified	1FSK	1R8S	434	195
PP_NEG__1RKE_A_l__1WEJ_LH_r	1RKE_A_l	1WEJ_LH_r	0	pp_prepared	cross_complex_frozen_synthetic_negative	synthetic_negative_not_experimentally_verified	1RKE	1WEJ	163	433
PP_NEG__1RLB_A_l__1FCC_AB_r	1FCC_AB_r	1RLB_A_l	0	pp_prepared	cross_complex_frozen_synthetic_negative	synthetic_negative_not_experimentally_verified	1FCC	1RLB	414	175
PP_NEG__1S1Q_A_l__1MQ8_A_r	1MQ8_A_r	1S1Q_A_l	0	pp_prepared	cross_complex_frozen_synthetic_negative	synthetic_negative_not_experimentally_verified	1MQ8	1S1Q	185	70
PP_NEG__1S78_A_l__2FJU_X_r	1S78_A_l	2FJU_X_r	0	pp_prepared	cross_complex_frozen_synthetic_negative	synthetic_negative_not_experimentally_verified	1S78	2FJU	506	708
PP_NEG__1SBB_A_l__1ZM4_C_r	1SBB_A_l	1ZM4_C_r	0	pp_prepared	cross_complex_frozen_synthetic_negative	synthetic_negative_not_experimentally_verified	1SBB	1ZM4	239	825
PP_NEG__1SYX_A_l__2VDB_A_r	1SYX_A_l	2VDB_A_r	0	pp_prepared	cross_complex_frozen_synthetic_negative	synthetic_negative_not_experimentally_verified	1SYX	2VDB	62	582
PP_NEG__1T6B_X_l__1FC2_A_r	1FC2_A_r	1T6B_X_l	0	pp_prepared	cross_complex_frozen_synthetic_negative	synthetic_negative_not_experimentally_verified	1FC2	1T6B	60	181
PP_NEG__1TMQ_A_l__6DBG_A_r	1TMQ_A_l	6DBG_A_r	0	pp_prepared	cross_complex_frozen_synthetic_negative	synthetic_negative_not_experimentally_verified	1TMQ	6DBG	117	123
PP_NEG__1US7_A_l__2GTP_A_r	1US7_A_l	2GTP_A_r	0	pp_prepared	cross_complex_frozen_synthetic_negative	synthetic_negative_not_experimentally_verified	1US7	2GTP	129	313
PP_NEG__1VFB_A_l__1EXB_ABCD_r	1EXB_ABCD_r	1VFB_A_l	0	pp_prepared	cross_complex_frozen_synthetic_negative	synthetic_negative_not_experimentally_verified	1EXB	1VFB	1300	129
PP_NEG__1WEJ_A_l__1RKE_A_r	1RKE_A_r	1WEJ_A_l	0	pp_prepared	cross_complex_frozen_synthetic_negative	synthetic_negative_not_experimentally_verified	1RKE	1WEJ	259	104
PP_NEG__1XD3_A_l__1YVB_A_r	1XD3_A_l	1YVB_A_r	0	pp_prepared	cross_complex_frozen_synthetic_negative	synthetic_negative_not_experimentally_verified	1XD3	1YVB	70	241
PP_NEG__1XQS_A_l__4DW2_AB_r	1XQS_A_l	4DW2_AB_r	0	pp_prepared	cross_complex_frozen_synthetic_negative	synthetic_negative_not_experimentally_verified	1XQS	4DW2	193	427
PP_NEG__1XU1_A_l__1F6M_A_r	1F6M_A_r	1XU1_A_l	0	pp_prepared	cross_complex_frozen_synthetic_negative	synthetic_negative_not_experimentally_verified	1F6M	1XU1	317	39
PP_NEG__1Y64_A_l__2B42_X_r	1Y64_A_l	2B42_X_r	0	pp_prepared	cross_complex_frozen_synthetic_negative	synthetic_negative_not_experimentally_verified	1Y64	2B42	360	362
PP_NEG__1YVB_I_l__1XD3_A_r	1XD3_A_r	1YVB_I_l	0	pp_prepared	cross_complex_frozen_synthetic_negative	synthetic_negative_not_experimentally_verified	1XD3	1YVB	206	108
PP_NEG__1ZHI_A_l__1KXP_B_r	1KXP_B_r	1ZHI_A_l	0	pp_prepared	cross_complex_frozen_synthetic_negative	synthetic_negative_not_experimentally_verified	1KXP	1ZHI	371	114
PP_NEG__1ZLI_A_l__3DAW_A_r	1ZLI_A_l	3DAW_A_r	0	pp_prepared	cross_complex_frozen_synthetic_negative	synthetic_negative_not_experimentally_verified	1ZLI	3DAW	75	363
PP_NEG__1ZM4_A_l__1SBB_A_r	1SBB_A_r	1ZM4_A_l	0	pp_prepared	cross_complex_frozen_synthetic_negative	synthetic_negative_not_experimentally_verified	1SBB	1ZM4	238	204
PP_NEG__2A1A_A_l__6A77_HL_r	2A1A_A_l	6A77_HL_r	0	pp_prepared	cross_complex_frozen_synthetic_negative	synthetic_negative_not_experimentally_verified	2A1A	6A77	174	425
PP_NEG__2A9K_X_l__2J0T_A_r	2A9K_X_l	2J0T_A_r	0	pp_prepared	cross_complex_frozen_synthetic_negative	synthetic_negative_not_experimentally_verified	2A9K	2J0T	201	157
PP_NEG__2ABZ_A_l__4G6J_HL_r	2ABZ_A_l	4G6J_HL_r	0	pp_prepared	cross_complex_frozen_synthetic_negative	synthetic_negative_not_experimentally_verified	2ABZ	4G6J	62	430
PP_NEG__2B42_A_l__1Y64_A_r	1Y64_A_r	2B42_A_l	0	pp_prepared	cross_complex_frozen_synthetic_negative	synthetic_negative_not_experimentally_verified	1Y64	2B42	411	185
PP_NEG__2BTF_A_l__1H1V_B_r	1H1V_B_r	2BTF_A_l	0	pp_prepared	cross_complex_frozen_synthetic_negative	synthetic_negative_not_experimentally_verified	1H1V	2BTF	371	139
PP_NEG__2C0L_A_l__1FFW_A_r	1FFW_A_r	2C0L_A_l	0	pp_prepared	cross_complex_frozen_synthetic_negative	synthetic_negative_not_experimentally_verified	1FFW	2C0L	128	123
PP_NEG__2FJU_A_l__1S78_HL_r	1S78_HL_r	2FJU_A_l	0	pp_prepared	cross_complex_frozen_synthetic_negative	synthetic_negative_not_experimentally_verified	1S78	2FJU	436	183
PP_NEG__2G77_A_l__3HMX_LH_r	2G77_A_l	3HMX_LH_r	0	pp_prepared	cross_complex_frozen_synthetic_negative	synthetic_negative_not_experimentally_verified	2G77	3HMX	165	432
PP_NEG__2GTP_A_l__1US7_A_r	1US7_A_r	2GTP_A_l	0	pp_prepared	cross_complex_frozen_synthetic_negative	synthetic_negative_not_experimentally_verified	1US7	2GTP	207	134
PP_NEG__2HMI_CD_l__1N2C_ABCD_r	1N2C_ABCD_r	2HMI_CD_l	0	pp_prepared	cross_complex_frozen_synthetic_negative	synthetic_negative_not_experimentally_verified	1N2C	2HMI	1979	434
PP_NEG__2HQS_A_l__1PXV_A_r	1PXV_A_r	2HQS_A_l	0	pp_prepared	cross_complex_frozen_synthetic_negative	synthetic_negative_not_experimentally_verified	1PXV	2HQS	175	108
PP_NEG__2HRK_A_l__4M3K_A_r	2HRK_A_l	4M3K_A_r	0	pp_prepared	cross_complex_frozen_synthetic_negative	synthetic_negative_not_experimentally_verified	2HRK	4M3K	103	116
PP_NEG__2I9B_A_l__1M27_AB_r	1M27_AB_r	2I9B_A_l	0	pp_prepared	cross_complex_frozen_synthetic_negative	synthetic_negative_not_experimentally_verified	1M27	2I9B	115	123
PP_NEG__2IDO_A_l__3L5W_LH_r	2IDO_A_l	3L5W_LH_r	0	pp_prepared	cross_complex_frozen_synthetic_negative	synthetic_negative_not_experimentally_verified	2IDO	3L5W	66	429
PP_NEG__2J0T_A_l__2A9K_A_r	2A9K_A_r	2J0T_A_l	0	pp_prepared	cross_complex_frozen_synthetic_negative	synthetic_negative_not_experimentally_verified	2A9K	2J0T	168	126
PP_NEG__2J7P_D_l__1DQJ_CD_r	1DQJ_CD_r	2J7P_D_l	0	pp_prepared	cross_complex_frozen_synthetic_negative	synthetic_negative_not_experimentally_verified	1DQJ	2J7P	424	259
PP_NEG__2JEL_A_l__3EO1_AB_r	2JEL_A_l	3EO1_AB_r	0	pp_prepared	cross_complex_frozen_synthetic_negative	synthetic_negative_not_experimentally_verified	2JEL	3EO1	85	435
PP_NEG__2MTA_A_l__1NCA_LH_r	1NCA_LH_r	2MTA_A_l	0	pp_prepared	cross_complex_frozen_synthetic_negative	synthetic_negative_not_experimentally_verified	1NCA	2MTA	435	105
PP_NEG__2NZ8_A_l__1GXD_A_r	1GXD_A_r	2NZ8_A_l	0	pp_prepared	cross_complex_frozen_synthetic_negative	synthetic_negative_not_experimentally_verified	1GXD	2NZ8	619	183
PP_NEG__2O3B_A_l__1CLV_A_r	1CLV_A_r	2O3B_A_l	0	pp_prepared	cross_complex_frozen_synthetic_negative	synthetic_negative_not_experimentally_verified	1CLV	2O3B	470	135
PP_NEG__2O8V_A_l__1MAH_B_r	1MAH_B_r	2O8V_A_l	0	pp_prepared	cross_complex_frozen_synthetic_negative	synthetic_negative_not_experimentally_verified	1MAH	2O8V	533	108
PP_NEG__2OOB_A_l__3BP8_AB_r	2OOB_A_l	3BP8_AB_r	0	pp_prepared	cross_complex_frozen_synthetic_negative	synthetic_negative_not_experimentally_verified	2OOB	3BP8	70	746
PP_NEG__2OOR_A_l__1HCF_AM_r	1HCF_AM_r	2OOR_A_l	0	pp_prepared	cross_complex_frozen_synthetic_negative	synthetic_negative_not_experimentally_verified	1HCF	2OOR	216	175
PP_NEG__2OUL_A_l__3RVW_CD_r	2OUL_A_l	3RVW_CD_r	0	pp_prepared	cross_complex_frozen_synthetic_negative	synthetic_negative_not_experimentally_verified	2OUL	3RVW	110	435
PP_NEG__2OZA_X_l__1KLU_AB_r	1KLU_AB_r	2OZA_X_l	0	pp_prepared	cross_complex_frozen_synthetic_negative	synthetic_negative_not_experimentally_verified	1KLU	2OZA	369	282
PP_NEG__2PCC_A_l__1M10_A_r	1M10_A_r	2PCC_A_l	0	pp_prepared	cross_complex_frozen_synthetic_negative	synthetic_negative_not_experimentally_verified	1M10	2PCC	208	108
PP_NEG__2SIC_A_l__1AY7_B_r	1AY7_B_r	2SIC_A_l	0	pp_prepared	cross_complex_frozen_synthetic_negative	synthetic_negative_not_experimentally_verified	1AY7	2SIC	96	108
PP_NEG__2UUY_A_l__1KTZ_A_r	1KTZ_A_r	2UUY_A_l	0	pp_prepared	cross_complex_frozen_synthetic_negative	synthetic_negative_not_experimentally_verified	1KTZ	2UUY	112	55
PP_NEG__2VDB_A_l__1SYX_A_r	1SYX_A_r	2VDB_A_l	0	pp_prepared	cross_complex_frozen_synthetic_negative	synthetic_negative_not_experimentally_verified	1SYX	2VDB	131	56
PP_NEG__2VIS_A_l__4G6M_HL_r	2VIS_A_l	4G6M_HL_r	0	pp_prepared	cross_complex_frozen_synthetic_negative	synthetic_negative_not_experimentally_verified	2VIS	4G6M	320	432
PP_NEG__2W9E_A_l__4JCV_ABCD_r	2W9E_A_l	4JCV_ABCD_r	0	pp_prepared	cross_complex_frozen_synthetic_negative	synthetic_negative_not_experimentally_verified	2W9E	4JCV	104	791
PP_NEG__2YVJ_A_l__1I2M_A_r	1I2M_A_r	2YVJ_A_l	0	pp_prepared	cross_complex_frozen_synthetic_negative	synthetic_negative_not_experimentally_verified	1I2M	2YVJ	202	108
PP_NEG__3AAD_A_l__9QFW_HL_r	3AAD_A_l	9QFW_HL_r	0	pp_prepared	cross_complex_frozen_synthetic_negative	synthetic_negative_not_experimentally_verified	3AAD	9QFW	156	224
PP_NEG__3BIW_A_l__3H2V_A_r	3BIW_A_l	3H2V_A_r	0	pp_prepared	cross_complex_frozen_synthetic_negative	synthetic_negative_not_experimentally_verified	3BIW	3H2V	182	163
PP_NEG__3BP8_A_l__2OOB_A_r	2OOB_A_r	3BP8_A_l	0	pp_prepared	cross_complex_frozen_synthetic_negative	synthetic_negative_not_experimentally_verified	2OOB	3BP8	41	74
PP_NEG__3BX7_A_l__1R6Q_X_r	1R6Q_X_r	3BX7_A_l	0	pp_prepared	cross_complex_frozen_synthetic_negative	synthetic_negative_not_experimentally_verified	1R6Q	3BX7	142	121
PP_NEG__3CPH_C_l__1AY7_B_r	1AY7_B_r	3CPH_C_l	0	pp_prepared	cross_complex_frozen_synthetic_negative	synthetic_negative_not_experimentally_verified	1AY7	3CPH	96	164
PP_NEG__3D5S_A_l__6B0S_HL_r	3D5S_A_l	6B0S_HL_r	0	pp_prepared	cross_complex_frozen_synthetic_negative	synthetic_negative_not_experimentally_verified	3D5S	6B0S	61	433
PP_NEG__3DAW_A_l__1ZLI_A_r	1ZLI_A_r	3DAW_A_l	0	pp_prepared	cross_complex_frozen_synthetic_negative	synthetic_negative_not_experimentally_verified	1ZLI	3DAW	402	142
PP_NEG__3EO1_AB_l__2JEL_LH_r	2JEL_LH_r	3EO1_AB_l	0	pp_prepared	cross_complex_frozen_synthetic_negative	synthetic_negative_not_experimentally_verified	2JEL	3EO1	435	224
PP_NEG__3FN1_A_l__6BPC_AB_r	3FN1_A_l	6BPC_AB_r	0	pp_prepared	cross_complex_frozen_synthetic_negative	synthetic_negative_not_experimentally_verified	3FN1	6BPC	97	421
PP_NEG__3H2V_A_l__3BIW_A_r	3BIW_A_r	3H2V_A_l	0	pp_prepared	cross_complex_frozen_synthetic_negative	synthetic_negative_not_experimentally_verified	3BIW	3H2V	555	88
PP_NEG__3HMX_AB_l__2G77_A_r	2G77_A_r	3HMX_AB_l	0	pp_prepared	cross_complex_frozen_synthetic_negative	synthetic_negative_not_experimentally_verified	2G77	3HMX	314	415
PP_NEG__3K75_A_l__1BGX_LH_r	1BGX_LH_r	3K75_A_l	0	pp_prepared	cross_complex_frozen_synthetic_negative	synthetic_negative_not_experimentally_verified	1BGX	3K75	423	152
PP_NEG__3L5W_A_l__2IDO_A_r	2IDO_A_r	3L5W_A_l	0	pp_prepared	cross_complex_frozen_synthetic_negative	synthetic_negative_not_experimentally_verified	2IDO	3L5W	174	113
PP_NEG__3L89_A_l__1GLA_O_r	1GLA_O_r	3L89_A_l	0	pp_prepared	cross_complex_frozen_synthetic_negative	synthetic_negative_not_experimentally_verified	1GLA	3L89	497	126
PP_NEG__3LVK_A_l__1JPS_LH_r	1JPS_LH_r	3LVK_A_l	0	pp_prepared	cross_complex_frozen_synthetic_negative	synthetic_negative_not_experimentally_verified	1JPS	3LVK	425	81
PP_NEG__3MJ9_A_l__4CPA_A_r	3MJ9_A_l	4CPA_A_r	0	pp_prepared	cross_complex_frozen_synthetic_negative	synthetic_negative_not_experimentally_verified	3MJ9	4CPA	227	307
PP_NEG__3MXW_A_l__1F51_AB_r	1F51_AB_r	3MXW_A_l	0	pp_prepared	cross_complex_frozen_synthetic_negative	synthetic_negative_not_experimentally_verified	1F51	3MXW	343	164
PP_NEG__3P57_A_l__6A0Z_AB_r	3P57_A_l	6A0Z_AB_r	0	pp_prepared	cross_complex_frozen_synthetic_negative	synthetic_negative_not_experimentally_verified	3P57	6A0Z	109	437
PP_NEG__3RVW_A_l__2OUL_A_r	2OUL_A_r	3RVW_A_l	0	pp_prepared	cross_complex_frozen_synthetic_negative	synthetic_negative_not_experimentally_verified	2OUL	3RVW	236	221
PP_NEG__3SE8_A_l__1JWH_AB_r	1JWH_AB_r	3SE8_A_l	0	pp_prepared	cross_complex_frozen_synthetic_negative	synthetic_negative_not_experimentally_verified	1JWH	3SE8	366	342
PP_NEG__3SGQ_A_l__1EAW_A_r	1EAW_A_r	3SGQ_A_l	0	pp_prepared	cross_complex_frozen_synthetic_negative	synthetic_negative_not_experimentally_verified	1EAW	3SGQ	241	51
PP_NEG__3SZK_A_l__1AKJ_DE_r	1AKJ_DE_r	3SZK_A_l	0	pp_prepared	cross_complex_frozen_synthetic_negative	synthetic_negative_not_experimentally_verified	1AKJ	3SZK	375	144
PP_NEG__3V6Z_F_l__4Y7M_A_r	3V6Z_F_l	4Y7M_A_r	0	pp_prepared	cross_complex_frozen_synthetic_negative	synthetic_negative_not_experimentally_verified	3V6Z	4Y7M	142	135
PP_NEG__3VLB_A_l__1IRA_R_r	1IRA_R_r	3VLB_A_l	0	pp_prepared	cross_complex_frozen_synthetic_negative	synthetic_negative_not_experimentally_verified	1IRA	3VLB	310	221
PP_NEG__3WD5_ABC_l__1HE8_A_r	1HE8_A_r	3WD5_ABC_l	0	pp_prepared	cross_complex_frozen_synthetic_negative	synthetic_negative_not_experimentally_verified	1HE8	3WD5	839	456
PP_NEG__4CPA_A_l__3MJ9_HL_r	3MJ9_HL_r	4CPA_A_l	0	pp_prepared	cross_complex_frozen_synthetic_negative	synthetic_negative_not_experimentally_verified	3MJ9	4CPA	420	39
PP_NEG__4DN4_A_l__1ML0_AB_r	1ML0_AB_r	4DN4_A_l	0	pp_prepared	cross_complex_frozen_synthetic_negative	synthetic_negative_not_experimentally_verified	1ML0	4DN4	742	71
PP_NEG__4DW2_U_l__1XQS_A_r	1XQS_A_r	4DW2_U_l	0	pp_prepared	cross_complex_frozen_synthetic_negative	synthetic_negative_not_experimentally_verified	1XQS	4DW2	259	246
PP_NEG__4FQI_ABCDEF_l__1EZU_A_r	1EZU_A_r	4FQI_ABCDEF_l	0	pp_prepared	cross_complex_frozen_synthetic_negative	synthetic_negative_not_experimentally_verified	1EZU	4FQI	223	1491
PP_NEG__4FZA_A_l__1BUH_A_r	1BUH_A_r	4FZA_A_l	0	pp_prepared	cross_complex_frozen_synthetic_negative	synthetic_negative_not_experimentally_verified	1BUH	4FZA	294	275
PP_NEG__4G6J_A_l__2ABZ_A_r	2ABZ_A_r	4G6J_A_l	0	pp_prepared	cross_complex_frozen_synthetic_negative	synthetic_negative_not_experimentally_verified	2ABZ	4G6J	303	151
PP_NEG__4G6M_A_l__2VIS_LH_r	2VIS_LH_r	4G6M_A_l	0	pp_prepared	cross_complex_frozen_synthetic_negative	synthetic_negative_not_experimentally_verified	2VIS	4G6M	431	151
PP_NEG__4H03_A_l__1PVH_A_r	1PVH_A_r	4H03_A_l	0	pp_prepared	cross_complex_frozen_synthetic_negative	synthetic_negative_not_experimentally_verified	1PVH	4H03	208	363
PP_NEG__4JCV_A_l__2W9E_HL_r	2W9E_HL_r	4JCV_A_l	0	pp_prepared	cross_complex_frozen_synthetic_negative	synthetic_negative_not_experimentally_verified	2W9E	4JCV	425	230
PP_NEG__4LW4_A_l__1GHQ_A_r	1GHQ_A_r	4LW4_A_l	0	pp_prepared	cross_complex_frozen_synthetic_negative	synthetic_negative_not_experimentally_verified	1GHQ	4LW4	294	149
PP_NEG__4M3K_A_l__2HRK_A_r	2HRK_A_r	4M3K_A_l	0	pp_prepared	cross_complex_frozen_synthetic_negative	synthetic_negative_not_experimentally_verified	2HRK	4M3K	180	256
PP_NEG__4M76_A_l__5HYS_HL_r	4M76_A_l	5HYS_HL_r	0	pp_prepared	cross_complex_frozen_synthetic_negative	synthetic_negative_not_experimentally_verified	4M76	5HYS	184	437
PP_NEG__4Y7M_A_l__3V6Z_AB_r	3V6Z_AB_r	4Y7M_A_l	0	pp_prepared	cross_complex_frozen_synthetic_negative	synthetic_negative_not_experimentally_verified	3V6Z	4Y7M	437	235
PP_NEG__5C7X_A_l__1AK4_A_r	1AK4_A_r	5C7X_A_l	0	pp_prepared	cross_complex_frozen_synthetic_negative	synthetic_negative_not_experimentally_verified	1AK4	5C7X	164	121
PP_NEG__5E5M_A_l__5GRJ_HL_r	5E5M_A_l	5GRJ_HL_r	0	pp_prepared	cross_complex_frozen_synthetic_negative	synthetic_negative_not_experimentally_verified	5E5M	5GRJ	116	433
PP_NEG__5GRJ_A_l__5E5M_A_r	5E5M_A_r	5GRJ_A_l	0	pp_prepared	cross_complex_frozen_synthetic_negative	synthetic_negative_not_experimentally_verified	5E5M	5GRJ	113	212
PP_NEG__5HGG_A_l__1K5D_AB_r	1K5D_AB_r	5HGG_A_l	0	pp_prepared	cross_complex_frozen_synthetic_negative	synthetic_negative_not_experimentally_verified	1K5D	5HGG	338	246
PP_NEG__5HYS_AB_l__4M76_A_r	4M76_A_r	5HYS_AB_l	0	pp_prepared	cross_complex_frozen_synthetic_negative	synthetic_negative_not_experimentally_verified	4M76	5HYS	294	425
PP_NEG__5JMO_A_l__1FAK_LH_r	1FAK_LH_r	5JMO_A_l	0	pp_prepared	cross_complex_frozen_synthetic_negative	synthetic_negative_not_experimentally_verified	1FAK	5JMO	348	472
PP_NEG__5KOV_AB_l__5O1R_HL_r	5KOV_AB_l	5O1R_HL_r	0	pp_prepared	cross_complex_frozen_synthetic_negative	synthetic_negative_not_experimentally_verified	5KOV	5O1R	441	435
PP_NEG__5O1R_A_l__5KOV_HL_r	5KOV_HL_r	5O1R_A_l	0	pp_prepared	cross_complex_frozen_synthetic_negative	synthetic_negative_not_experimentally_verified	5KOV	5O1R	424	152
PP_NEG__5WHK_AB_l__1IB1_AB_r	1IB1_AB_r	5WHK_AB_l	0	pp_prepared	cross_complex_frozen_synthetic_negative	synthetic_negative_not_experimentally_verified	1IB1	5WHK	460	362
PP_NEG__5WUX_CBA_l__1KAC_F_r	1KAC_F_r	5WUX_CBA_l	0	pp_prepared	cross_complex_frozen_synthetic_negative	synthetic_negative_not_experimentally_verified	1KAC	5WUX	185	456
PP_NEG__5X0T_A_l__1JK9_A_r	1JK9_A_r	5X0T_A_l	0	pp_prepared	cross_complex_frozen_synthetic_negative	synthetic_negative_not_experimentally_verified	1JK9	5X0T	219	181
PP_NEG__5Y9J_ABC_l__1E4K_AB_r	1E4K_AB_r	5Y9J_ABC_l	0	pp_prepared	cross_complex_frozen_synthetic_negative	synthetic_negative_not_experimentally_verified	1E4K	5Y9J	419	432
PP_NEG__6A0Z_A_l__3P57_AB_r	3P57_AB_r	6A0Z_A_l	0	pp_prepared	cross_complex_frozen_synthetic_negative	synthetic_negative_not_experimentally_verified	3P57	6A0Z	180	322
PP_NEG__6A77_A_l__2A1A_A_r	2A1A_A_r	6A77_A_l	0	pp_prepared	cross_complex_frozen_synthetic_negative	synthetic_negative_not_experimentally_verified	2A1A	6A77	255	92
PP_NEG__6AL0_A_l__1BVN_A_r	1BVN_A_r	6AL0_A_l	0	pp_prepared	cross_complex_frozen_synthetic_negative	synthetic_negative_not_experimentally_verified	1BVN	6AL0	495	185
PP_NEG__6B0S_A_l__3D5S_A_r	3D5S_A_r	6B0S_A_l	0	pp_prepared	cross_complex_frozen_synthetic_negative	synthetic_negative_not_experimentally_verified	3D5S	6B0S	294	71
PP_NEG__6BPC_A_l__3FN1_A_r	3FN1_A_r	6BPC_A_l	0	pp_prepared	cross_complex_frozen_synthetic_negative	synthetic_negative_not_experimentally_verified	3FN1	6BPC	173	303
PP_NEG__6DBG_A_l__1TMQ_A_r	1TMQ_A_r	6DBG_A_l	0	pp_prepared	cross_complex_frozen_synthetic_negative	synthetic_negative_not_experimentally_verified	1TMQ	6DBG	470	291
PP_NEG__7CEI_B_l__1FQ1_F_r	1FQ1_F_r	7CEI_B_l	0	pp_prepared	cross_complex_frozen_synthetic_negative	synthetic_negative_not_experimentally_verified	1FQ1	7CEI	178	131
PP_NEG__9QFW_AB_l__3AAD_A_r	3AAD_A_r	9QFW_AB_l	0	pp_prepared	cross_complex_frozen_synthetic_negative	synthetic_negative_not_experimentally_verified	3AAD	9QFW	267	196
PP_NEG__BOYV_A_l__1A2K_AB_r	1A2K_AB_r	BOYV_A_l	0	pp_prepared	cross_complex_frozen_synthetic_negative	synthetic_negative_not_experimentally_verified	1A2K	BOYV	246	115
PP_NEG__BP57_A_l__1EER_A_r	1EER_A_r	BP57_A_l	0	pp_prepared	cross_complex_frozen_synthetic_negative	synthetic_negative_not_experimentally_verified	1EER	BP57	166	109
PP_NEG__CP57_A_l__1GP2_A_r	1GP2_A_r	CP57_A_l	0	pp_prepared	cross_complex_frozen_synthetic_negative	synthetic_negative_not_experimentally_verified	1GP2	CP57	310	109
